start_time,end_time,id,val
20-Nov-2008 01:30:24,20-Nov-2008 01:30:25,16,1
20-Nov-2008 01:32:04,20-Nov-2008 01:33:42,38,1
20-Nov-2008 01:32:08,20-Nov-2008 08:49:34,8,1
20-Nov-2008 01:33:43,20-Nov-2008 01:33:44,38,1
20-Nov-2008 01:34:01,20-Nov-2008 01:34:02,35,1
20-Nov-2008 01:34:06,20-Nov-2008 01:34:07,38,1
20-Nov-2008 01:34:55,20-Nov-2008 01:34:56,35,1
20-Nov-2008 01:35:03,20-Nov-2008 01:35:42,35,1
20-Nov-2008 01:35:12,20-Nov-2008 01:35:13,16,1
20-Nov-2008 01:35:28,20-Nov-2008 01:35:29,16,1
20-Nov-2008 01:35:46,20-Nov-2008 09:34:44,35,1
20-Nov-2008 01:36:19,20-Nov-2008 01:36:20,16,1
20-Nov-2008 08:48:30,20-Nov-2008 08:48:31,16,1
20-Nov-2008 08:48:55,20-Nov-2008 08:48:56,16,1
20-Nov-2008 08:50:27,21-Nov-2008 00:45:28,8,1
20-Nov-2008 09:34:46,20-Nov-2008 09:34:47,35,1
20-Nov-2008 09:34:49,21-Nov-2008 00:50:07,35,1
21-Nov-2008 00:44:22,21-Nov-2008 00:44:23,16,1
21-Nov-2008 00:44:53,21-Nov-2008 00:44:54,16,1
21-Nov-2008 00:46:18,21-Nov-2008 06:03:59,8,1
21-Nov-2008 00:46:19,21-Nov-2008 00:46:20,16,1
21-Nov-2008 00:46:37,21-Nov-2008 00:50:05,38,1
21-Nov-2008 00:50:09,21-Nov-2008 00:50:10,35,1
21-Nov-2008 00:50:13,21-Nov-2008 00:50:14,35,1
21-Nov-2008 00:50:24,21-Nov-2008 00:50:25,35,1
21-Nov-2008 00:50:29,21-Nov-2008 06:04:39,35,1
21-Nov-2008 00:50:46,21-Nov-2008 00:50:47,16,1
21-Nov-2008 06:01:06,21-Nov-2008 06:01:07,16,1
21-Nov-2008 06:04:28,21-Nov-2008 06:04:29,38,1
21-Nov-2008 06:04:31,21-Nov-2008 06:04:32,38,1
21-Nov-2008 06:04:33,21-Nov-2008 06:04:34,38,1
21-Nov-2008 06:04:45,21-Nov-2008 06:04:47,35,1
21-Nov-2008 06:04:51,21-Nov-2008 11:22:09,8,1
21-Nov-2008 06:05:11,21-Nov-2008 06:05:12,16,1
21-Nov-2008 11:21:35,21-Nov-2008 11:21:36,16,1
21-Nov-2008 11:23:04,21-Nov-2008 18:23:12,8,1
21-Nov-2008 15:43:04,21-Nov-2008 15:43:05,16,1
21-Nov-2008 15:43:09,21-Nov-2008 15:43:10,35,1
21-Nov-2008 15:43:11,21-Nov-2008 15:43:12,35,1
21-Nov-2008 15:43:13,21-Nov-2008 15:43:15,35,1
21-Nov-2008 15:43:19,21-Nov-2008 15:43:20,35,1
21-Nov-2008 15:43:20,21-Nov-2008 15:43:21,35,1
21-Nov-2008 15:43:31,21-Nov-2008 15:43:32,35,1
21-Nov-2008 15:44:10,21-Nov-2008 15:44:11,16,1
21-Nov-2008 15:44:12,21-Nov-2008 15:44:13,16,1
21-Nov-2008 15:44:14,21-Nov-2008 15:44:15,16,1
21-Nov-2008 16:04:13,21-Nov-2008 16:04:14,16,1
21-Nov-2008 16:05:07,21-Nov-2008 16:05:08,35,1
21-Nov-2008 16:05:09,21-Nov-2008 16:05:10,35,1
21-Nov-2008 16:05:12,21-Nov-2008 16:16:42,35,1
21-Nov-2008 16:17:23,21-Nov-2008 16:17:24,35,1
21-Nov-2008 16:17:30,21-Nov-2008 16:17:31,35,1
21-Nov-2008 16:17:46,21-Nov-2008 16:17:47,35,1
21-Nov-2008 16:25:36,21-Nov-2008 16:25:37,35,1
21-Nov-2008 16:25:41,21-Nov-2008 16:25:42,35,1
21-Nov-2008 16:25:47,21-Nov-2008 16:25:48,35,1
21-Nov-2008 16:25:50,21-Nov-2008 16:25:52,35,1
21-Nov-2008 16:25:54,21-Nov-2008 16:25:55,35,1
21-Nov-2008 16:25:56,21-Nov-2008 16:25:57,35,1
21-Nov-2008 16:25:58,21-Nov-2008 16:25:59,35,1
21-Nov-2008 16:26:00,21-Nov-2008 16:26:01,35,1
21-Nov-2008 16:26:03,21-Nov-2008 16:26:05,35,1
21-Nov-2008 16:26:06,21-Nov-2008 16:26:07,35,1
21-Nov-2008 16:26:08,21-Nov-2008 16:26:09,35,1
21-Nov-2008 16:26:10,21-Nov-2008 16:26:11,35,1
21-Nov-2008 16:26:13,21-Nov-2008 16:26:14,35,1
21-Nov-2008 16:26:15,21-Nov-2008 16:26:16,35,1
21-Nov-2008 16:26:18,21-Nov-2008 16:26:19,35,1
21-Nov-2008 16:26:20,21-Nov-2008 16:26:21,35,1
21-Nov-2008 16:26:23,21-Nov-2008 16:26:25,35,1
21-Nov-2008 16:26:26,21-Nov-2008 16:26:27,35,1
21-Nov-2008 16:26:28,21-Nov-2008 16:26:29,35,1
21-Nov-2008 16:26:31,21-Nov-2008 16:26:32,35,1
21-Nov-2008 16:26:33,21-Nov-2008 16:26:34,35,1
21-Nov-2008 16:26:35,21-Nov-2008 16:26:36,35,1
21-Nov-2008 16:26:37,21-Nov-2008 16:26:38,35,1
21-Nov-2008 16:26:39,21-Nov-2008 16:26:40,35,1
21-Nov-2008 16:26:41,21-Nov-2008 16:26:42,35,1
21-Nov-2008 16:26:42,21-Nov-2008 16:26:43,35,1
21-Nov-2008 16:26:44,21-Nov-2008 16:26:45,35,1
21-Nov-2008 16:26:46,21-Nov-2008 16:26:47,35,1
21-Nov-2008 16:26:48,21-Nov-2008 16:26:49,35,1
21-Nov-2008 16:26:50,21-Nov-2008 16:26:51,35,1
21-Nov-2008 16:26:52,21-Nov-2008 16:26:53,35,1
21-Nov-2008 16:26:55,21-Nov-2008 16:26:56,35,1
21-Nov-2008 16:26:58,21-Nov-2008 16:27:00,35,1
21-Nov-2008 16:27:01,21-Nov-2008 16:27:02,35,1
21-Nov-2008 16:27:03,21-Nov-2008 16:27:04,35,1
21-Nov-2008 16:27:05,21-Nov-2008 16:27:06,35,1
21-Nov-2008 16:27:07,21-Nov-2008 16:27:08,35,1
21-Nov-2008 16:27:10,21-Nov-2008 16:27:12,35,1
21-Nov-2008 16:27:13,21-Nov-2008 16:27:14,35,1
21-Nov-2008 16:27:16,21-Nov-2008 16:27:18,35,1
21-Nov-2008 16:27:18,21-Nov-2008 16:27:19,35,1
21-Nov-2008 16:27:20,21-Nov-2008 16:27:21,35,1
21-Nov-2008 16:27:24,21-Nov-2008 16:27:25,35,1
21-Nov-2008 16:27:26,21-Nov-2008 16:27:27,35,1
21-Nov-2008 16:27:28,21-Nov-2008 16:27:29,35,1
21-Nov-2008 16:27:31,21-Nov-2008 16:27:33,35,1
21-Nov-2008 16:27:34,21-Nov-2008 16:27:35,35,1
21-Nov-2008 16:27:36,21-Nov-2008 16:27:37,35,1
21-Nov-2008 16:27:37,21-Nov-2008 16:27:38,35,1
21-Nov-2008 16:27:40,21-Nov-2008 16:27:41,35,1
21-Nov-2008 16:27:42,21-Nov-2008 16:27:43,35,1
21-Nov-2008 16:27:44,21-Nov-2008 16:27:45,35,1
21-Nov-2008 16:27:47,21-Nov-2008 16:27:49,35,1
21-Nov-2008 16:27:51,21-Nov-2008 16:27:54,35,1
21-Nov-2008 16:27:55,21-Nov-2008 16:27:56,35,1
21-Nov-2008 16:27:56,21-Nov-2008 16:27:57,35,1
21-Nov-2008 16:27:59,21-Nov-2008 16:28:00,35,1
21-Nov-2008 16:28:01,21-Nov-2008 16:28:02,35,1
21-Nov-2008 16:28:02,21-Nov-2008 16:28:03,35,1
21-Nov-2008 16:28:05,21-Nov-2008 16:28:06,35,1
21-Nov-2008 16:28:08,21-Nov-2008 16:28:10,35,1
21-Nov-2008 16:28:11,21-Nov-2008 16:28:12,35,1
21-Nov-2008 16:28:14,21-Nov-2008 16:28:16,35,1
21-Nov-2008 16:28:16,21-Nov-2008 16:28:17,35,1
21-Nov-2008 16:28:20,21-Nov-2008 16:28:24,35,1
21-Nov-2008 16:28:35,21-Nov-2008 16:28:36,35,1
21-Nov-2008 16:28:38,21-Nov-2008 16:28:40,35,1
21-Nov-2008 16:28:42,21-Nov-2008 16:28:52,35,1
21-Nov-2008 16:28:56,21-Nov-2008 16:28:57,35,1
21-Nov-2008 16:29:01,21-Nov-2008 16:29:03,35,1
21-Nov-2008 16:29:06,21-Nov-2008 16:29:07,35,1
21-Nov-2008 16:29:08,21-Nov-2008 16:29:09,35,1
21-Nov-2008 16:29:20,21-Nov-2008 16:29:21,35,1
21-Nov-2008 16:29:29,21-Nov-2008 16:29:30,35,1
21-Nov-2008 16:30:23,21-Nov-2008 16:30:24,16,1
21-Nov-2008 16:33:40,21-Nov-2008 16:33:41,16,1
21-Nov-2008 16:34:38,21-Nov-2008 16:34:39,16,1
21-Nov-2008 18:19:59,21-Nov-2008 18:20:51,35,1
21-Nov-2008 18:20:54,21-Nov-2008 18:21:52,38,1
21-Nov-2008 18:21:00,21-Nov-2008 18:21:01,35,1
21-Nov-2008 18:22:06,21-Nov-2008 18:22:07,35,1
21-Nov-2008 18:22:07,21-Nov-2008 18:22:08,35,1
21-Nov-2008 18:22:10,21-Nov-2008 18:22:11,35,1
21-Nov-2008 18:22:13,21-Nov-2008 18:22:15,35,1
21-Nov-2008 18:22:37,21-Nov-2008 18:22:38,16,1
21-Nov-2008 18:23:17,22-Nov-2008 01:32:21,35,1
21-Nov-2008 18:24:07,21-Nov-2008 18:24:08,38,1
21-Nov-2008 18:24:09,22-Nov-2008 01:29:07,8,1
21-Nov-2008 18:24:48,21-Nov-2008 18:24:49,16,1
21-Nov-2008 18:24:53,21-Nov-2008 18:24:54,16,1
22-Nov-2008 01:28:13,22-Nov-2008 01:28:14,16,1
22-Nov-2008 01:28:38,22-Nov-2008 01:28:39,16,1
22-Nov-2008 01:28:55,22-Nov-2008 01:28:56,16,1
22-Nov-2008 01:29:57,22-Nov-2008 01:29:58,38,1
22-Nov-2008 01:30:02,22-Nov-2008 09:39:11,8,1
22-Nov-2008 01:32:29,22-Nov-2008 01:32:30,35,1
22-Nov-2008 01:33:22,22-Nov-2008 01:33:23,35,1
22-Nov-2008 01:33:33,22-Nov-2008 01:33:34,35,1
22-Nov-2008 01:33:44,22-Nov-2008 01:33:45,35,1
22-Nov-2008 01:33:54,22-Nov-2008 01:33:55,35,1
22-Nov-2008 01:33:56,22-Nov-2008 01:33:57,35,1
22-Nov-2008 01:33:58,22-Nov-2008 01:33:59,35,1
22-Nov-2008 01:34:20,22-Nov-2008 01:34:21,16,1
22-Nov-2008 01:34:25,22-Nov-2008 01:34:26,16,1
22-Nov-2008 01:34:42,22-Nov-2008 01:34:43,16,1
22-Nov-2008 09:37:34,22-Nov-2008 09:37:35,16,1
22-Nov-2008 09:38:50,22-Nov-2008 09:38:52,35,1
22-Nov-2008 09:39:13,22-Nov-2008 09:39:14,35,1
22-Nov-2008 09:39:50,22-Nov-2008 09:39:51,35,1
22-Nov-2008 09:39:55,22-Nov-2008 09:39:57,35,1
22-Nov-2008 09:39:58,22-Nov-2008 09:39:59,35,1
22-Nov-2008 09:40:00,22-Nov-2008 09:40:01,35,1
22-Nov-2008 09:40:02,22-Nov-2008 09:40:03,35,1
22-Nov-2008 09:40:04,22-Nov-2008 09:40:05,35,1
22-Nov-2008 09:40:06,22-Nov-2008 09:40:07,35,1
22-Nov-2008 09:40:12,22-Nov-2008 09:40:13,35,1
22-Nov-2008 09:40:16,22-Nov-2008 09:40:17,35,1
22-Nov-2008 09:40:19,22-Nov-2008 09:40:20,35,1
22-Nov-2008 09:40:22,22-Nov-2008 09:40:24,35,1
22-Nov-2008 09:40:26,22-Nov-2008 09:40:27,35,1
22-Nov-2008 09:40:28,22-Nov-2008 09:40:29,35,1
22-Nov-2008 09:40:30,22-Nov-2008 09:40:31,35,1
22-Nov-2008 09:40:32,22-Nov-2008 09:40:33,35,1
22-Nov-2008 09:40:34,22-Nov-2008 09:40:35,35,1
22-Nov-2008 09:40:36,22-Nov-2008 09:40:37,35,1
22-Nov-2008 09:40:38,22-Nov-2008 09:40:39,35,1
22-Nov-2008 09:40:42,22-Nov-2008 09:40:44,35,1
22-Nov-2008 09:40:45,22-Nov-2008 09:40:46,35,1
22-Nov-2008 09:40:47,22-Nov-2008 09:40:48,35,1
22-Nov-2008 09:40:49,22-Nov-2008 09:40:50,35,1
22-Nov-2008 09:40:51,22-Nov-2008 09:40:52,35,1
22-Nov-2008 09:40:54,22-Nov-2008 09:40:56,35,1
22-Nov-2008 09:40:56,22-Nov-2008 09:40:57,35,1
22-Nov-2008 09:40:59,22-Nov-2008 09:41:01,35,1
22-Nov-2008 09:41:02,22-Nov-2008 09:41:03,35,1
22-Nov-2008 09:41:03,22-Nov-2008 09:41:04,35,1
22-Nov-2008 09:41:06,22-Nov-2008 09:41:07,35,1
22-Nov-2008 09:41:08,22-Nov-2008 09:41:09,35,1
22-Nov-2008 09:41:10,22-Nov-2008 09:41:11,35,1
22-Nov-2008 09:41:11,22-Nov-2008 09:41:12,35,1
22-Nov-2008 09:41:13,22-Nov-2008 09:41:14,35,1
22-Nov-2008 09:41:16,22-Nov-2008 09:41:17,35,1
22-Nov-2008 09:41:18,22-Nov-2008 09:41:19,35,1
22-Nov-2008 09:41:21,22-Nov-2008 09:41:24,35,1
22-Nov-2008 09:41:25,22-Nov-2008 09:41:26,35,1
22-Nov-2008 09:41:27,22-Nov-2008 09:41:28,35,1
22-Nov-2008 09:41:29,22-Nov-2008 09:41:30,35,1
22-Nov-2008 09:41:32,22-Nov-2008 09:41:33,35,1
22-Nov-2008 09:41:35,22-Nov-2008 09:41:37,35,1
22-Nov-2008 09:41:38,22-Nov-2008 09:41:39,35,1
22-Nov-2008 09:41:40,22-Nov-2008 09:41:41,35,1
22-Nov-2008 09:41:42,22-Nov-2008 09:41:43,35,1
22-Nov-2008 09:41:44,22-Nov-2008 09:41:45,35,1
22-Nov-2008 09:41:46,22-Nov-2008 09:41:47,35,1
22-Nov-2008 09:41:52,22-Nov-2008 09:41:55,35,1
22-Nov-2008 09:41:55,22-Nov-2008 09:41:56,35,1
22-Nov-2008 09:41:58,22-Nov-2008 09:42:00,35,1
22-Nov-2008 09:42:01,22-Nov-2008 09:42:02,35,1
22-Nov-2008 09:42:03,22-Nov-2008 09:42:04,35,1
22-Nov-2008 09:42:06,22-Nov-2008 09:42:08,35,1
22-Nov-2008 09:42:09,22-Nov-2008 09:42:10,35,1
22-Nov-2008 09:42:12,22-Nov-2008 09:42:14,35,1
22-Nov-2008 09:42:15,22-Nov-2008 09:42:16,35,1
22-Nov-2008 09:42:16,22-Nov-2008 09:42:17,35,1
22-Nov-2008 09:42:21,22-Nov-2008 09:42:22,35,1
22-Nov-2008 09:42:23,22-Nov-2008 09:42:24,35,1
22-Nov-2008 09:42:25,22-Nov-2008 09:42:26,35,1
22-Nov-2008 09:42:28,22-Nov-2008 09:42:30,35,1
22-Nov-2008 09:42:32,22-Nov-2008 09:42:33,35,1
22-Nov-2008 09:42:35,22-Nov-2008 09:42:37,35,1
22-Nov-2008 09:42:38,22-Nov-2008 09:42:39,35,1
22-Nov-2008 09:42:40,22-Nov-2008 09:42:41,35,1
22-Nov-2008 09:42:43,22-Nov-2008 09:42:44,35,1
22-Nov-2008 09:42:45,22-Nov-2008 09:42:46,35,1
22-Nov-2008 09:42:48,22-Nov-2008 09:42:50,35,1
22-Nov-2008 09:42:51,22-Nov-2008 09:42:52,35,1
22-Nov-2008 09:42:53,22-Nov-2008 09:42:54,35,1
22-Nov-2008 09:42:55,22-Nov-2008 09:42:56,35,1
22-Nov-2008 09:42:57,22-Nov-2008 09:42:58,35,1
22-Nov-2008 09:43:00,22-Nov-2008 09:43:01,35,1
22-Nov-2008 09:43:03,22-Nov-2008 09:43:05,35,1
22-Nov-2008 09:43:06,22-Nov-2008 09:43:07,35,1
22-Nov-2008 09:43:09,22-Nov-2008 09:43:10,35,1
22-Nov-2008 09:43:10,22-Nov-2008 09:43:11,35,1
22-Nov-2008 09:43:13,22-Nov-2008 09:43:14,35,1
22-Nov-2008 09:43:15,22-Nov-2008 09:43:16,35,1
22-Nov-2008 09:43:18,22-Nov-2008 09:43:20,35,1
22-Nov-2008 09:43:21,22-Nov-2008 09:43:22,35,1
22-Nov-2008 09:43:23,22-Nov-2008 09:43:24,35,1
22-Nov-2008 09:43:25,22-Nov-2008 09:43:26,35,1
22-Nov-2008 09:43:28,22-Nov-2008 09:43:29,35,1
22-Nov-2008 09:43:31,22-Nov-2008 09:43:33,35,1
22-Nov-2008 09:43:34,22-Nov-2008 09:43:35,35,1
22-Nov-2008 09:43:38,22-Nov-2008 09:43:40,35,1
22-Nov-2008 09:43:41,22-Nov-2008 09:43:42,35,1
22-Nov-2008 09:43:43,22-Nov-2008 09:43:44,35,1
22-Nov-2008 09:43:45,22-Nov-2008 09:43:46,35,1
22-Nov-2008 09:43:47,22-Nov-2008 09:43:48,35,1
22-Nov-2008 09:43:49,22-Nov-2008 09:43:50,35,1
22-Nov-2008 09:43:52,22-Nov-2008 09:43:54,35,1
22-Nov-2008 09:43:55,22-Nov-2008 09:43:56,35,1
22-Nov-2008 09:43:57,22-Nov-2008 09:43:58,35,1
22-Nov-2008 09:43:59,22-Nov-2008 09:44:00,35,1
22-Nov-2008 09:44:02,22-Nov-2008 09:44:04,35,1
22-Nov-2008 09:44:05,22-Nov-2008 09:44:06,35,1
22-Nov-2008 09:44:06,22-Nov-2008 09:44:07,35,1
22-Nov-2008 09:44:08,22-Nov-2008 09:44:09,35,1
22-Nov-2008 09:44:11,22-Nov-2008 09:44:13,35,1
22-Nov-2008 09:44:14,22-Nov-2008 09:44:15,35,1
22-Nov-2008 09:44:20,22-Nov-2008 09:44:21,35,1
22-Nov-2008 09:44:22,22-Nov-2008 09:44:23,35,1
22-Nov-2008 09:44:26,22-Nov-2008 09:44:27,35,1
22-Nov-2008 09:44:30,22-Nov-2008 09:44:31,35,1
22-Nov-2008 09:44:32,22-Nov-2008 09:44:33,35,1
22-Nov-2008 09:44:35,22-Nov-2008 09:44:36,35,1
22-Nov-2008 09:44:40,22-Nov-2008 09:44:50,35,1
22-Nov-2008 09:44:52,22-Nov-2008 09:44:53,35,1
22-Nov-2008 09:44:54,22-Nov-2008 09:44:55,35,1
22-Nov-2008 09:44:59,22-Nov-2008 09:45:00,35,1
22-Nov-2008 09:45:02,22-Nov-2008 09:50:01,35,1
22-Nov-2008 09:50:06,22-Nov-2008 09:50:12,35,1
22-Nov-2008 09:50:28,22-Nov-2008 09:51:07,35,1
22-Nov-2008 09:51:11,22-Nov-2008 09:51:12,35,1
22-Nov-2008 09:53:26,22-Nov-2008 09:53:27,35,1
22-Nov-2008 09:53:49,22-Nov-2008 09:53:50,35,1
22-Nov-2008 10:16:26,22-Nov-2008 10:16:27,16,1
22-Nov-2008 10:16:28,22-Nov-2008 10:16:29,16,1
22-Nov-2008 10:16:31,22-Nov-2008 10:16:32,16,1
22-Nov-2008 10:16:37,22-Nov-2008 10:16:38,16,1
22-Nov-2008 10:16:49,22-Nov-2008 10:16:50,16,1
22-Nov-2008 10:17:13,22-Nov-2008 10:17:14,16,1
22-Nov-2008 10:17:50,22-Nov-2008 10:17:51,16,1
22-Nov-2008 10:18:19,22-Nov-2008 10:19:08,35,1
22-Nov-2008 10:19:09,22-Nov-2008 10:19:10,35,1
22-Nov-2008 10:19:43,22-Nov-2008 10:19:44,35,1
22-Nov-2008 10:19:47,22-Nov-2008 10:19:48,35,1
22-Nov-2008 18:17:31,22-Nov-2008 18:17:32,16,1
22-Nov-2008 18:17:33,22-Nov-2008 18:17:34,16,1
22-Nov-2008 18:17:35,22-Nov-2008 18:17:36,16,1
22-Nov-2008 18:17:42,22-Nov-2008 18:17:44,35,1
22-Nov-2008 18:17:48,22-Nov-2008 18:17:49,35,1
22-Nov-2008 18:17:49,22-Nov-2008 18:17:50,35,1
22-Nov-2008 18:17:54,22-Nov-2008 18:17:56,35,1
22-Nov-2008 18:18:06,22-Nov-2008 18:18:07,35,1
22-Nov-2008 18:18:10,22-Nov-2008 18:18:12,35,1
22-Nov-2008 18:18:20,22-Nov-2008 18:18:21,35,1
22-Nov-2008 18:18:39,22-Nov-2008 18:18:41,35,1
22-Nov-2008 18:18:55,22-Nov-2008 18:18:56,35,1
22-Nov-2008 18:20:47,22-Nov-2008 18:20:48,35,1
22-Nov-2008 18:21:13,22-Nov-2008 18:21:14,35,1
22-Nov-2008 18:21:15,22-Nov-2008 18:21:16,35,1
22-Nov-2008 18:21:18,22-Nov-2008 18:21:20,35,1
22-Nov-2008 18:22:28,22-Nov-2008 18:22:50,38,1
22-Nov-2008 18:22:52,22-Nov-2008 18:23:02,38,1
22-Nov-2008 18:22:55,22-Nov-2008 18:22:56,35,1
22-Nov-2008 18:22:58,22-Nov-2008 18:23:24,35,1
22-Nov-2008 18:23:04,22-Nov-2008 18:23:05,38,1
22-Nov-2008 18:23:10,22-Nov-2008 18:23:11,38,1
22-Nov-2008 18:23:23,22-Nov-2008 18:23:47,38,1
22-Nov-2008 18:26:11,22-Nov-2008 18:26:12,35,1
22-Nov-2008 18:27:00,22-Nov-2008 18:27:01,35,1
22-Nov-2008 18:27:01,22-Nov-2008 18:27:02,35,1
22-Nov-2008 18:27:03,22-Nov-2008 18:27:04,35,1
22-Nov-2008 18:27:06,22-Nov-2008 18:27:54,35,1
22-Nov-2008 18:27:55,22-Nov-2008 18:27:56,35,1
22-Nov-2008 18:28:13,22-Nov-2008 18:28:14,35,1
22-Nov-2008 18:28:16,22-Nov-2008 18:28:52,35,1
22-Nov-2008 18:28:46,22-Nov-2008 18:28:47,38,1
22-Nov-2008 18:28:48,22-Nov-2008 18:28:49,38,1
22-Nov-2008 18:29:18,22-Nov-2008 18:29:19,35,1
22-Nov-2008 18:29:21,22-Nov-2008 18:29:27,35,1
22-Nov-2008 18:29:23,22-Nov-2008 18:29:24,38,1
22-Nov-2008 18:29:49,22-Nov-2008 18:29:50,35,1
22-Nov-2008 18:29:55,22-Nov-2008 18:29:56,35,1
22-Nov-2008 18:29:57,22-Nov-2008 18:29:58,38,1
22-Nov-2008 18:30:06,22-Nov-2008 18:30:23,38,1
22-Nov-2008 18:30:11,22-Nov-2008 18:30:12,35,1
22-Nov-2008 18:30:16,22-Nov-2008 18:30:20,35,1
22-Nov-2008 18:30:22,22-Nov-2008 18:30:27,35,1
22-Nov-2008 18:30:38,22-Nov-2008 18:30:39,35,1
22-Nov-2008 18:30:53,22-Nov-2008 18:30:55,35,1
22-Nov-2008 18:30:57,22-Nov-2008 18:30:58,35,1
22-Nov-2008 18:30:59,22-Nov-2008 18:31:01,35,1
22-Nov-2008 18:31:35,22-Nov-2008 18:31:36,35,1
22-Nov-2008 18:31:37,22-Nov-2008 18:31:38,35,1
22-Nov-2008 18:31:43,22-Nov-2008 18:31:44,38,1
22-Nov-2008 18:33:09,22-Nov-2008 18:33:10,35,1
22-Nov-2008 18:33:14,22-Nov-2008 18:33:15,35,1
22-Nov-2008 18:33:35,22-Nov-2008 18:33:36,35,1
22-Nov-2008 18:33:38,22-Nov-2008 18:33:39,35,1
22-Nov-2008 18:33:41,22-Nov-2008 18:33:43,35,1
22-Nov-2008 18:33:46,22-Nov-2008 18:33:48,35,1
22-Nov-2008 18:33:51,22-Nov-2008 18:34:13,35,1
22-Nov-2008 18:33:57,22-Nov-2008 18:33:58,38,1
22-Nov-2008 18:34:14,22-Nov-2008 18:34:15,35,1
22-Nov-2008 18:34:17,22-Nov-2008 18:34:18,35,1
22-Nov-2008 18:34:20,22-Nov-2008 18:34:21,35,1
22-Nov-2008 18:34:30,22-Nov-2008 18:34:32,35,1
22-Nov-2008 18:34:34,22-Nov-2008 18:34:47,35,1
22-Nov-2008 18:35:10,22-Nov-2008 18:35:11,38,1
22-Nov-2008 18:35:12,22-Nov-2008 18:35:13,35,1
22-Nov-2008 18:35:15,22-Nov-2008 18:35:17,35,1
22-Nov-2008 18:35:18,22-Nov-2008 18:35:19,35,1
22-Nov-2008 18:35:42,22-Nov-2008 18:35:43,16,1
22-Nov-2008 18:35:50,22-Nov-2008 18:35:51,16,1
23-Nov-2008 05:28:55,23-Nov-2008 05:28:56,16,1
23-Nov-2008 05:28:57,23-Nov-2008 05:28:58,16,1
23-Nov-2008 05:30:43,23-Nov-2008 09:24:52,8,1
23-Nov-2008 06:18:39,23-Nov-2008 06:18:40,16,1
23-Nov-2008 06:18:42,23-Nov-2008 06:18:43,35,1
23-Nov-2008 06:18:52,23-Nov-2008 06:18:53,35,1
23-Nov-2008 06:18:55,23-Nov-2008 06:18:56,35,1
23-Nov-2008 09:25:49,23-Nov-2008 09:26:50,8,1
23-Nov-2008 09:27:04,23-Nov-2008 09:27:06,35,1
23-Nov-2008 09:27:28,23-Nov-2008 09:27:29,35,1
23-Nov-2008 09:27:33,23-Nov-2008 09:27:34,16,1
23-Nov-2008 09:27:44,23-Nov-2008 09:27:45,35,1
23-Nov-2008 09:27:48,24-Nov-2008 00:16:04,8,1
23-Nov-2008 09:27:48,23-Nov-2008 09:27:49,35,1
23-Nov-2008 09:27:50,23-Nov-2008 09:27:51,35,1
23-Nov-2008 09:27:52,23-Nov-2008 09:27:53,35,1
23-Nov-2008 09:27:54,23-Nov-2008 09:27:55,35,1
23-Nov-2008 09:27:57,23-Nov-2008 09:27:58,35,1
23-Nov-2008 09:27:59,23-Nov-2008 09:28:00,35,1
23-Nov-2008 09:28:02,23-Nov-2008 09:28:03,35,1
23-Nov-2008 09:28:03,23-Nov-2008 09:28:04,35,1
23-Nov-2008 09:28:05,23-Nov-2008 09:28:06,35,1
23-Nov-2008 09:28:07,23-Nov-2008 09:28:08,35,1
23-Nov-2008 09:28:10,23-Nov-2008 09:28:12,35,1
23-Nov-2008 09:28:13,23-Nov-2008 09:28:14,35,1
23-Nov-2008 09:28:15,23-Nov-2008 09:28:16,35,1
23-Nov-2008 09:28:18,23-Nov-2008 09:28:19,35,1
23-Nov-2008 09:28:20,23-Nov-2008 09:28:21,35,1
23-Nov-2008 09:28:22,23-Nov-2008 09:28:23,35,1
23-Nov-2008 09:28:25,23-Nov-2008 09:28:27,35,1
23-Nov-2008 09:28:28,23-Nov-2008 09:28:29,35,1
23-Nov-2008 09:28:30,23-Nov-2008 09:28:31,35,1
23-Nov-2008 09:28:33,23-Nov-2008 09:28:35,35,1
23-Nov-2008 09:28:37,23-Nov-2008 09:28:39,35,1
23-Nov-2008 09:28:40,23-Nov-2008 09:28:41,35,1
23-Nov-2008 09:28:44,23-Nov-2008 09:28:45,35,1
23-Nov-2008 09:28:45,23-Nov-2008 09:28:46,35,1
23-Nov-2008 09:28:48,23-Nov-2008 09:28:51,35,1
23-Nov-2008 09:28:52,23-Nov-2008 09:28:53,35,1
23-Nov-2008 09:28:54,23-Nov-2008 09:28:55,35,1
23-Nov-2008 09:28:56,23-Nov-2008 09:28:57,35,1
23-Nov-2008 09:28:58,23-Nov-2008 09:28:59,35,1
23-Nov-2008 09:29:00,23-Nov-2008 09:29:01,35,1
23-Nov-2008 09:29:03,23-Nov-2008 09:29:04,35,1
23-Nov-2008 09:29:05,23-Nov-2008 09:29:06,35,1
23-Nov-2008 09:29:07,23-Nov-2008 09:29:08,35,1
23-Nov-2008 09:29:10,23-Nov-2008 09:29:11,35,1
23-Nov-2008 09:29:11,23-Nov-2008 09:29:12,35,1
23-Nov-2008 09:29:14,23-Nov-2008 09:29:15,35,1
23-Nov-2008 09:29:16,23-Nov-2008 09:29:17,35,1
23-Nov-2008 09:29:19,23-Nov-2008 09:29:20,35,1
23-Nov-2008 09:29:21,23-Nov-2008 09:29:22,35,1
23-Nov-2008 09:29:24,23-Nov-2008 09:29:25,35,1
23-Nov-2008 09:29:26,23-Nov-2008 09:29:27,35,1
23-Nov-2008 09:29:28,23-Nov-2008 09:29:29,35,1
23-Nov-2008 09:29:30,23-Nov-2008 09:29:31,35,1
23-Nov-2008 09:29:33,23-Nov-2008 09:29:35,35,1
23-Nov-2008 09:30:19,23-Nov-2008 09:30:20,35,1
23-Nov-2008 09:30:21,23-Nov-2008 09:30:22,35,1
23-Nov-2008 09:30:23,23-Nov-2008 09:30:24,35,1
23-Nov-2008 09:30:26,23-Nov-2008 09:30:27,35,1
23-Nov-2008 09:30:29,23-Nov-2008 09:30:31,35,1
23-Nov-2008 09:30:33,23-Nov-2008 09:30:35,35,1
23-Nov-2008 09:30:37,23-Nov-2008 09:30:39,35,1
23-Nov-2008 09:30:40,23-Nov-2008 09:30:41,35,1
23-Nov-2008 09:30:42,23-Nov-2008 09:30:43,35,1
23-Nov-2008 09:30:44,23-Nov-2008 09:30:45,35,1
23-Nov-2008 09:30:47,23-Nov-2008 09:30:48,35,1
23-Nov-2008 09:30:50,23-Nov-2008 09:30:52,35,1
23-Nov-2008 09:30:54,23-Nov-2008 09:30:55,35,1
23-Nov-2008 09:30:56,23-Nov-2008 09:30:57,35,1
23-Nov-2008 09:30:58,23-Nov-2008 09:30:59,35,1
23-Nov-2008 09:30:59,23-Nov-2008 09:31:00,35,1
23-Nov-2008 09:31:01,23-Nov-2008 09:31:02,35,1
23-Nov-2008 09:31:03,23-Nov-2008 09:31:04,35,1
23-Nov-2008 09:31:05,23-Nov-2008 09:31:06,35,1
23-Nov-2008 09:31:07,23-Nov-2008 09:31:08,35,1
23-Nov-2008 09:31:09,23-Nov-2008 09:31:10,35,1
23-Nov-2008 09:31:11,23-Nov-2008 09:31:12,35,1
23-Nov-2008 09:31:14,23-Nov-2008 09:31:15,35,1
23-Nov-2008 09:31:16,23-Nov-2008 09:31:17,35,1
23-Nov-2008 09:31:20,23-Nov-2008 09:31:21,35,1
23-Nov-2008 09:31:22,23-Nov-2008 09:31:23,35,1
23-Nov-2008 09:31:25,23-Nov-2008 09:31:27,35,1
23-Nov-2008 09:31:28,23-Nov-2008 09:31:29,35,1
23-Nov-2008 09:31:31,23-Nov-2008 09:31:33,35,1
23-Nov-2008 09:31:34,23-Nov-2008 09:31:35,35,1
23-Nov-2008 09:31:36,23-Nov-2008 09:31:37,35,1
23-Nov-2008 09:31:38,23-Nov-2008 09:31:39,35,1
23-Nov-2008 09:31:40,23-Nov-2008 09:31:41,35,1
23-Nov-2008 09:31:43,23-Nov-2008 09:31:45,35,1
23-Nov-2008 09:31:45,23-Nov-2008 09:31:46,35,1
23-Nov-2008 09:31:48,23-Nov-2008 09:31:50,35,1
23-Nov-2008 09:31:52,23-Nov-2008 09:31:53,35,1
23-Nov-2008 09:31:54,23-Nov-2008 09:31:55,35,1
23-Nov-2008 09:31:57,23-Nov-2008 09:31:59,35,1
23-Nov-2008 09:32:00,23-Nov-2008 09:32:01,35,1
23-Nov-2008 09:32:02,23-Nov-2008 09:32:03,35,1
23-Nov-2008 09:32:04,23-Nov-2008 09:32:05,35,1
23-Nov-2008 09:32:06,23-Nov-2008 09:32:07,35,1
23-Nov-2008 09:32:09,23-Nov-2008 09:32:11,35,1
23-Nov-2008 09:32:12,23-Nov-2008 09:32:13,35,1
23-Nov-2008 09:32:16,23-Nov-2008 09:32:17,35,1
23-Nov-2008 09:32:20,23-Nov-2008 09:32:22,35,1
23-Nov-2008 09:32:23,23-Nov-2008 09:32:24,35,1
23-Nov-2008 09:32:26,23-Nov-2008 09:32:28,35,1
23-Nov-2008 09:32:30,23-Nov-2008 09:32:31,35,1
23-Nov-2008 09:32:34,23-Nov-2008 09:32:35,35,1
23-Nov-2008 09:32:37,23-Nov-2008 09:32:38,35,1
23-Nov-2008 09:32:40,23-Nov-2008 09:32:41,35,1
23-Nov-2008 09:32:41,23-Nov-2008 09:32:42,35,1
23-Nov-2008 09:32:44,23-Nov-2008 09:32:45,35,1
23-Nov-2008 09:32:46,23-Nov-2008 09:32:47,35,1
23-Nov-2008 09:32:51,23-Nov-2008 09:32:52,35,1
23-Nov-2008 09:32:54,23-Nov-2008 09:32:55,35,1
23-Nov-2008 09:38:50,23-Nov-2008 09:38:51,38,1
23-Nov-2008 09:38:53,23-Nov-2008 09:39:01,38,1
23-Nov-2008 09:39:14,23-Nov-2008 09:39:15,38,1
23-Nov-2008 09:40:11,23-Nov-2008 09:40:16,38,1
23-Nov-2008 09:40:24,23-Nov-2008 09:40:25,35,1
23-Nov-2008 09:40:26,23-Nov-2008 09:40:27,35,1
24-Nov-2008 00:15:21,24-Nov-2008 00:15:22,16,1
24-Nov-2008 00:15:23,24-Nov-2008 00:15:24,16,1
24-Nov-2008 00:16:55,24-Nov-2008 07:30:14,8,1
24-Nov-2008 00:17:15,24-Nov-2008 00:17:16,38,1
24-Nov-2008 00:17:19,24-Nov-2008 00:17:20,38,1
24-Nov-2008 00:17:22,24-Nov-2008 00:17:40,38,1
24-Nov-2008 00:17:43,24-Nov-2008 00:17:45,38,1
24-Nov-2008 00:19:38,24-Nov-2008 00:19:39,35,1
24-Nov-2008 00:19:41,24-Nov-2008 00:19:42,35,1
24-Nov-2008 00:19:43,24-Nov-2008 00:19:44,38,1
24-Nov-2008 00:20:43,24-Nov-2008 00:20:44,38,1
24-Nov-2008 00:20:46,24-Nov-2008 00:21:12,38,1
24-Nov-2008 00:22:32,24-Nov-2008 00:22:33,35,1
24-Nov-2008 00:22:39,24-Nov-2008 00:22:40,35,1
24-Nov-2008 00:22:41,24-Nov-2008 00:22:42,35,1
24-Nov-2008 00:22:43,24-Nov-2008 00:22:44,35,1
24-Nov-2008 00:22:46,24-Nov-2008 00:22:47,35,1
24-Nov-2008 00:22:47,24-Nov-2008 00:22:48,16,1
24-Nov-2008 00:23:20,24-Nov-2008 00:23:21,38,1
24-Nov-2008 07:29:17,24-Nov-2008 07:29:18,16,1
24-Nov-2008 07:29:42,24-Nov-2008 07:29:43,16,1
24-Nov-2008 07:30:19,24-Nov-2008 07:30:20,35,1
24-Nov-2008 07:30:37,24-Nov-2008 07:30:38,16,1
24-Nov-2008 07:31:12,24-Nov-2008 09:38:59,8,1
24-Nov-2008 09:34:17,24-Nov-2008 09:34:18,35,1
24-Nov-2008 09:34:21,24-Nov-2008 09:34:22,35,1
24-Nov-2008 09:34:28,24-Nov-2008 09:34:29,35,1
24-Nov-2008 09:34:35,24-Nov-2008 09:34:36,38,1
24-Nov-2008 09:34:41,24-Nov-2008 09:36:18,38,1
24-Nov-2008 09:36:18,24-Nov-2008 09:36:19,38,1
24-Nov-2008 09:36:24,24-Nov-2008 09:36:25,35,1
24-Nov-2008 09:36:29,24-Nov-2008 09:37:31,38,1
24-Nov-2008 09:37:33,24-Nov-2008 09:37:39,38,1
24-Nov-2008 09:37:36,24-Nov-2008 09:37:37,35,1
24-Nov-2008 09:37:42,24-Nov-2008 09:37:43,35,1
24-Nov-2008 09:37:44,24-Nov-2008 09:37:45,35,1
24-Nov-2008 09:37:46,24-Nov-2008 09:37:47,35,1
24-Nov-2008 09:37:48,24-Nov-2008 09:37:49,35,1
24-Nov-2008 09:37:57,24-Nov-2008 09:37:58,35,1
24-Nov-2008 09:38:00,24-Nov-2008 09:38:01,35,1
24-Nov-2008 09:38:02,24-Nov-2008 09:38:03,35,1
24-Nov-2008 09:38:13,24-Nov-2008 09:38:14,35,1
24-Nov-2008 09:38:15,24-Nov-2008 09:38:16,35,1
24-Nov-2008 09:38:16,24-Nov-2008 09:38:17,16,1
24-Nov-2008 09:38:33,24-Nov-2008 09:38:34,35,1
24-Nov-2008 09:38:38,24-Nov-2008 09:38:39,35,1
24-Nov-2008 09:38:41,24-Nov-2008 18:16:15,35,1
24-Nov-2008 09:38:43,24-Nov-2008 09:38:44,16,1
24-Nov-2008 09:39:46,24-Nov-2008 09:39:47,16,1
24-Nov-2008 09:39:55,25-Nov-2008 00:48:50,8,1
24-Nov-2008 18:16:08,24-Nov-2008 18:16:09,16,1
24-Nov-2008 18:16:12,24-Nov-2008 18:16:13,16,1
24-Nov-2008 18:16:16,24-Nov-2008 18:16:17,35,1
24-Nov-2008 18:16:43,24-Nov-2008 18:16:44,16,1
24-Nov-2008 18:17:25,24-Nov-2008 18:17:26,35,1
24-Nov-2008 18:17:27,24-Nov-2008 18:17:28,35,1
24-Nov-2008 18:17:29,24-Nov-2008 18:17:30,35,1
24-Nov-2008 18:17:31,24-Nov-2008 18:17:32,35,1
24-Nov-2008 18:17:33,24-Nov-2008 18:17:34,35,1
24-Nov-2008 18:17:39,24-Nov-2008 18:17:40,35,1
24-Nov-2008 18:17:41,24-Nov-2008 18:17:42,35,1
24-Nov-2008 18:17:44,24-Nov-2008 18:17:45,35,1
24-Nov-2008 18:17:48,24-Nov-2008 18:17:50,35,1
24-Nov-2008 18:17:51,24-Nov-2008 18:17:52,35,1
24-Nov-2008 18:17:53,24-Nov-2008 18:17:54,35,1
24-Nov-2008 18:17:55,24-Nov-2008 18:17:56,35,1
24-Nov-2008 18:17:58,24-Nov-2008 18:18:00,35,1
24-Nov-2008 18:18:01,24-Nov-2008 18:18:02,35,1
24-Nov-2008 18:18:04,24-Nov-2008 18:18:06,35,1
24-Nov-2008 18:18:07,24-Nov-2008 18:18:08,35,1
24-Nov-2008 18:18:09,24-Nov-2008 18:18:10,35,1
24-Nov-2008 18:18:11,24-Nov-2008 18:18:12,35,1
24-Nov-2008 18:18:14,24-Nov-2008 18:18:15,35,1
24-Nov-2008 18:18:15,24-Nov-2008 18:18:16,35,1
24-Nov-2008 18:18:17,24-Nov-2008 18:18:18,35,1
24-Nov-2008 18:18:19,24-Nov-2008 18:18:20,35,1
24-Nov-2008 18:18:21,24-Nov-2008 18:18:22,35,1
24-Nov-2008 18:18:23,24-Nov-2008 18:18:24,35,1
24-Nov-2008 18:18:26,24-Nov-2008 18:18:28,35,1
24-Nov-2008 18:18:28,24-Nov-2008 18:18:29,35,1
24-Nov-2008 18:18:31,24-Nov-2008 18:18:32,35,1
24-Nov-2008 18:18:33,24-Nov-2008 18:18:34,35,1
24-Nov-2008 18:18:34,24-Nov-2008 18:18:35,35,1
24-Nov-2008 18:18:36,24-Nov-2008 18:18:37,35,1
24-Nov-2008 18:18:38,24-Nov-2008 18:18:39,35,1
24-Nov-2008 18:18:40,24-Nov-2008 18:18:41,35,1
24-Nov-2008 18:18:42,24-Nov-2008 18:18:43,35,1
24-Nov-2008 18:18:44,24-Nov-2008 18:18:45,35,1
24-Nov-2008 18:18:49,24-Nov-2008 18:18:50,35,1
24-Nov-2008 18:18:51,24-Nov-2008 18:18:54,35,1
24-Nov-2008 18:18:54,24-Nov-2008 18:18:55,35,1
24-Nov-2008 18:18:58,24-Nov-2008 18:19:00,35,1
24-Nov-2008 18:19:02,24-Nov-2008 18:19:05,35,1
24-Nov-2008 18:19:07,24-Nov-2008 18:19:09,35,1
24-Nov-2008 18:19:09,24-Nov-2008 18:19:10,35,1
24-Nov-2008 18:19:11,24-Nov-2008 18:19:12,35,1
24-Nov-2008 18:19:14,24-Nov-2008 18:19:17,35,1
24-Nov-2008 18:19:18,24-Nov-2008 18:19:19,35,1
24-Nov-2008 18:19:20,24-Nov-2008 18:19:21,35,1
24-Nov-2008 18:19:22,24-Nov-2008 18:19:23,35,1
24-Nov-2008 18:19:25,24-Nov-2008 18:19:26,35,1
24-Nov-2008 18:19:27,24-Nov-2008 18:19:28,35,1
24-Nov-2008 18:19:29,24-Nov-2008 18:19:30,35,1
24-Nov-2008 18:19:31,24-Nov-2008 18:19:32,35,1
24-Nov-2008 18:19:33,24-Nov-2008 18:19:34,35,1
24-Nov-2008 18:19:34,24-Nov-2008 18:19:35,35,1
24-Nov-2008 18:19:37,24-Nov-2008 18:19:39,35,1
24-Nov-2008 18:19:40,24-Nov-2008 18:19:41,35,1
24-Nov-2008 18:19:43,24-Nov-2008 18:19:45,35,1
24-Nov-2008 18:19:46,24-Nov-2008 18:19:47,35,1
24-Nov-2008 18:19:48,24-Nov-2008 18:19:49,35,1
24-Nov-2008 18:19:51,24-Nov-2008 18:19:52,35,1
24-Nov-2008 18:19:53,24-Nov-2008 18:19:54,35,1
24-Nov-2008 18:19:55,24-Nov-2008 18:19:56,35,1
24-Nov-2008 18:19:58,24-Nov-2008 18:20:01,35,1
24-Nov-2008 18:20:02,24-Nov-2008 18:20:03,35,1
24-Nov-2008 18:20:04,24-Nov-2008 18:20:05,35,1
24-Nov-2008 18:20:06,24-Nov-2008 18:20:07,35,1
24-Nov-2008 18:20:08,24-Nov-2008 18:20:09,35,1
24-Nov-2008 18:20:10,24-Nov-2008 18:20:11,35,1
24-Nov-2008 18:20:13,24-Nov-2008 18:20:14,35,1
24-Nov-2008 18:20:15,24-Nov-2008 18:20:16,35,1
24-Nov-2008 18:20:27,24-Nov-2008 18:20:28,35,1
24-Nov-2008 18:20:29,24-Nov-2008 18:20:30,35,1
24-Nov-2008 18:20:33,24-Nov-2008 18:20:35,35,1
24-Nov-2008 18:20:35,24-Nov-2008 18:20:36,35,1
24-Nov-2008 18:20:38,24-Nov-2008 18:20:40,35,1
24-Nov-2008 18:20:41,24-Nov-2008 18:20:42,35,1
24-Nov-2008 18:20:44,24-Nov-2008 18:20:46,35,1
24-Nov-2008 18:20:48,24-Nov-2008 18:20:49,35,1
24-Nov-2008 18:20:50,24-Nov-2008 18:20:51,35,1
24-Nov-2008 18:20:52,24-Nov-2008 18:20:53,35,1
24-Nov-2008 18:20:54,24-Nov-2008 18:20:55,35,1
24-Nov-2008 18:20:57,24-Nov-2008 18:20:58,35,1
24-Nov-2008 18:20:58,24-Nov-2008 18:20:59,35,1
24-Nov-2008 18:21:02,24-Nov-2008 18:21:04,35,1
24-Nov-2008 18:21:05,24-Nov-2008 18:21:06,35,1
24-Nov-2008 18:21:06,24-Nov-2008 18:21:07,35,1
24-Nov-2008 18:21:09,24-Nov-2008 18:21:11,35,1
24-Nov-2008 18:21:14,24-Nov-2008 18:21:15,35,1
24-Nov-2008 18:21:16,24-Nov-2008 18:21:17,35,1
24-Nov-2008 18:21:17,24-Nov-2008 18:21:18,35,1
24-Nov-2008 18:21:19,24-Nov-2008 18:21:20,35,1
24-Nov-2008 18:21:21,24-Nov-2008 18:21:22,35,1
24-Nov-2008 18:21:23,24-Nov-2008 18:21:24,35,1
24-Nov-2008 18:21:25,24-Nov-2008 18:21:26,35,1
24-Nov-2008 18:21:27,24-Nov-2008 18:21:28,35,1
24-Nov-2008 18:21:30,24-Nov-2008 18:21:31,35,1
24-Nov-2008 18:21:32,24-Nov-2008 18:21:33,35,1
24-Nov-2008 18:21:35,24-Nov-2008 18:21:36,35,1
24-Nov-2008 18:21:40,24-Nov-2008 18:21:41,35,1
24-Nov-2008 18:21:44,24-Nov-2008 18:21:46,35,1
24-Nov-2008 18:21:50,24-Nov-2008 18:21:52,35,1
24-Nov-2008 18:21:53,24-Nov-2008 18:21:54,35,1
24-Nov-2008 18:21:59,24-Nov-2008 18:22:00,35,1
24-Nov-2008 18:22:05,24-Nov-2008 18:22:06,35,1
24-Nov-2008 18:22:07,24-Nov-2008 18:22:08,35,1
24-Nov-2008 18:22:09,24-Nov-2008 18:22:10,35,1
24-Nov-2008 18:22:13,24-Nov-2008 18:22:14,35,1
24-Nov-2008 18:22:23,24-Nov-2008 18:22:24,35,1
24-Nov-2008 18:22:27,24-Nov-2008 18:22:30,35,1
24-Nov-2008 18:22:33,24-Nov-2008 18:22:34,35,1
24-Nov-2008 18:22:36,24-Nov-2008 18:22:42,35,1
24-Nov-2008 18:22:43,24-Nov-2008 18:22:44,35,1
24-Nov-2008 18:22:49,24-Nov-2008 18:22:50,35,1
24-Nov-2008 18:22:52,24-Nov-2008 18:22:54,38,1
24-Nov-2008 18:23:33,24-Nov-2008 18:23:34,35,1
24-Nov-2008 18:24:26,24-Nov-2008 18:24:27,38,1
24-Nov-2008 18:24:30,24-Nov-2008 18:25:06,38,1
24-Nov-2008 18:24:42,24-Nov-2008 18:24:43,35,1
24-Nov-2008 18:24:51,24-Nov-2008 18:24:52,35,1
24-Nov-2008 18:24:53,24-Nov-2008 18:24:54,35,1
24-Nov-2008 18:24:56,24-Nov-2008 18:24:57,35,1
24-Nov-2008 18:24:59,24-Nov-2008 18:25:02,35,1
24-Nov-2008 18:25:08,24-Nov-2008 18:25:09,38,1
24-Nov-2008 18:25:10,24-Nov-2008 18:25:11,38,1
24-Nov-2008 18:25:13,24-Nov-2008 18:25:14,38,1
24-Nov-2008 18:25:16,24-Nov-2008 18:25:18,35,1
24-Nov-2008 18:25:20,24-Nov-2008 18:26:08,35,1
24-Nov-2008 18:25:33,24-Nov-2008 18:25:34,16,1
24-Nov-2008 18:26:08,24-Nov-2008 18:26:09,35,1
24-Nov-2008 18:26:11,25-Nov-2008 00:45:44,35,1
24-Nov-2008 18:28:35,24-Nov-2008 18:28:36,16,1
24-Nov-2008 18:28:40,24-Nov-2008 18:28:41,16,1
25-Nov-2008 00:44:19,25-Nov-2008 00:44:20,16,1
25-Nov-2008 00:44:20,25-Nov-2008 00:44:21,16,1
25-Nov-2008 00:44:52,25-Nov-2008 00:44:53,38,1
25-Nov-2008 00:45:47,25-Nov-2008 00:45:48,35,1
25-Nov-2008 00:46:29,25-Nov-2008 00:46:30,35,1
25-Nov-2008 00:46:30,25-Nov-2008 00:46:31,35,1
25-Nov-2008 00:47:42,25-Nov-2008 00:47:43,35,1
25-Nov-2008 00:47:44,25-Nov-2008 00:47:45,35,1
25-Nov-2008 00:47:47,25-Nov-2008 00:47:48,35,1
25-Nov-2008 00:47:57,25-Nov-2008 00:47:59,35,1
25-Nov-2008 00:49:15,25-Nov-2008 00:49:16,16,1
25-Nov-2008 00:49:41,25-Nov-2008 06:59:12,8,1
25-Nov-2008 06:57:07,25-Nov-2008 06:57:08,16,1
25-Nov-2008 06:57:31,25-Nov-2008 06:57:32,16,1
25-Nov-2008 06:59:41,25-Nov-2008 06:59:42,16,1
25-Nov-2008 06:59:45,25-Nov-2008 06:59:46,16,1
25-Nov-2008 07:00:08,25-Nov-2008 18:12:07,8,1
25-Nov-2008 07:00:28,25-Nov-2008 07:00:29,35,1
25-Nov-2008 07:00:31,25-Nov-2008 07:00:33,35,1
25-Nov-2008 07:00:34,25-Nov-2008 07:00:35,35,1
25-Nov-2008 07:00:35,25-Nov-2008 07:00:36,35,1
25-Nov-2008 07:00:37,25-Nov-2008 07:00:38,35,1
25-Nov-2008 07:01:27,25-Nov-2008 07:01:28,35,1
25-Nov-2008 07:01:29,25-Nov-2008 07:01:30,35,1
25-Nov-2008 07:01:31,25-Nov-2008 07:01:32,35,1
25-Nov-2008 07:01:33,25-Nov-2008 07:01:34,35,1
25-Nov-2008 07:01:35,25-Nov-2008 07:01:36,35,1
25-Nov-2008 07:01:37,25-Nov-2008 07:01:38,35,1
25-Nov-2008 07:01:40,25-Nov-2008 07:01:42,35,1
25-Nov-2008 07:01:43,25-Nov-2008 07:01:44,35,1
25-Nov-2008 07:01:45,25-Nov-2008 07:01:46,35,1
25-Nov-2008 07:01:47,25-Nov-2008 07:01:48,35,1
25-Nov-2008 07:01:49,25-Nov-2008 07:01:50,35,1
25-Nov-2008 07:01:51,25-Nov-2008 07:01:52,35,1
25-Nov-2008 07:01:53,25-Nov-2008 07:01:54,35,1
25-Nov-2008 07:01:55,25-Nov-2008 07:01:56,35,1
25-Nov-2008 07:01:57,25-Nov-2008 07:01:58,35,1
25-Nov-2008 07:01:59,25-Nov-2008 07:02:00,35,1
25-Nov-2008 07:02:02,25-Nov-2008 07:02:04,35,1
25-Nov-2008 07:02:05,25-Nov-2008 07:02:06,35,1
25-Nov-2008 07:02:07,25-Nov-2008 07:02:08,35,1
25-Nov-2008 07:02:09,25-Nov-2008 07:02:10,35,1
25-Nov-2008 07:02:14,25-Nov-2008 07:02:15,35,1
25-Nov-2008 07:02:16,25-Nov-2008 07:02:17,35,1
25-Nov-2008 07:02:18,25-Nov-2008 07:02:19,35,1
25-Nov-2008 07:02:21,25-Nov-2008 07:02:22,35,1
25-Nov-2008 07:02:23,25-Nov-2008 07:02:24,35,1
25-Nov-2008 07:02:25,25-Nov-2008 07:02:26,35,1
25-Nov-2008 07:02:27,25-Nov-2008 07:02:28,35,1
25-Nov-2008 07:02:29,25-Nov-2008 07:02:30,35,1
25-Nov-2008 07:02:31,25-Nov-2008 07:02:32,35,1
25-Nov-2008 07:02:34,25-Nov-2008 07:02:36,35,1
25-Nov-2008 07:02:39,25-Nov-2008 07:02:40,35,1
25-Nov-2008 07:02:41,25-Nov-2008 07:02:42,35,1
25-Nov-2008 07:02:43,25-Nov-2008 07:02:44,35,1
25-Nov-2008 07:02:46,25-Nov-2008 07:02:47,35,1
25-Nov-2008 07:02:47,25-Nov-2008 07:02:48,35,1
25-Nov-2008 07:02:51,25-Nov-2008 07:02:53,35,1
25-Nov-2008 07:02:55,25-Nov-2008 07:02:57,35,1
25-Nov-2008 07:02:58,25-Nov-2008 07:02:59,35,1
25-Nov-2008 07:03:00,25-Nov-2008 07:03:01,35,1
25-Nov-2008 07:03:02,25-Nov-2008 07:03:03,35,1
25-Nov-2008 07:03:04,25-Nov-2008 07:03:05,35,1
25-Nov-2008 07:03:06,25-Nov-2008 07:03:07,35,1
25-Nov-2008 07:03:08,25-Nov-2008 07:03:10,35,1
25-Nov-2008 07:03:13,25-Nov-2008 07:03:14,35,1
25-Nov-2008 07:03:15,25-Nov-2008 07:03:16,35,1
25-Nov-2008 07:03:17,25-Nov-2008 07:03:18,35,1
25-Nov-2008 07:03:19,25-Nov-2008 07:03:20,35,1
25-Nov-2008 07:03:22,25-Nov-2008 07:03:23,35,1
25-Nov-2008 07:03:24,25-Nov-2008 07:03:26,35,1
25-Nov-2008 07:03:27,25-Nov-2008 07:03:28,35,1
25-Nov-2008 07:03:29,25-Nov-2008 07:03:30,35,1
25-Nov-2008 07:03:32,25-Nov-2008 07:03:33,35,1
25-Nov-2008 07:03:34,25-Nov-2008 07:03:35,35,1
25-Nov-2008 07:03:37,25-Nov-2008 07:03:38,35,1
25-Nov-2008 07:03:39,25-Nov-2008 07:03:40,35,1
25-Nov-2008 07:03:41,25-Nov-2008 07:03:42,35,1
25-Nov-2008 07:03:43,25-Nov-2008 07:03:44,35,1
25-Nov-2008 07:03:46,25-Nov-2008 07:03:48,35,1
25-Nov-2008 07:03:49,25-Nov-2008 07:03:50,35,1
25-Nov-2008 07:03:51,25-Nov-2008 07:03:52,35,1
25-Nov-2008 07:03:55,25-Nov-2008 07:03:57,35,1
25-Nov-2008 07:03:58,25-Nov-2008 07:03:59,35,1
25-Nov-2008 07:04:01,25-Nov-2008 07:04:02,35,1
25-Nov-2008 07:04:03,25-Nov-2008 07:04:04,35,1
25-Nov-2008 07:04:05,25-Nov-2008 07:04:06,35,1
25-Nov-2008 07:04:07,25-Nov-2008 07:04:08,35,1
25-Nov-2008 07:04:10,25-Nov-2008 07:04:12,35,1
25-Nov-2008 07:04:13,25-Nov-2008 07:04:14,35,1
25-Nov-2008 07:04:15,25-Nov-2008 07:04:16,35,1
25-Nov-2008 07:04:18,25-Nov-2008 07:04:19,35,1
25-Nov-2008 07:04:21,25-Nov-2008 07:04:22,35,1
25-Nov-2008 07:04:23,25-Nov-2008 07:04:24,35,1
25-Nov-2008 07:04:25,25-Nov-2008 07:04:26,35,1
25-Nov-2008 07:04:28,25-Nov-2008 07:04:30,35,1
25-Nov-2008 07:04:31,25-Nov-2008 07:04:32,35,1
25-Nov-2008 07:04:34,25-Nov-2008 07:04:36,35,1
25-Nov-2008 07:04:38,25-Nov-2008 07:04:41,35,1
25-Nov-2008 07:04:43,25-Nov-2008 07:04:44,35,1
25-Nov-2008 07:04:45,25-Nov-2008 07:04:46,35,1
25-Nov-2008 07:04:49,25-Nov-2008 07:04:50,35,1
25-Nov-2008 07:04:53,25-Nov-2008 07:04:55,35,1
25-Nov-2008 07:04:57,25-Nov-2008 07:04:59,35,1
25-Nov-2008 07:05:01,25-Nov-2008 07:05:02,35,1
25-Nov-2008 07:05:03,25-Nov-2008 07:05:04,35,1
25-Nov-2008 07:05:05,25-Nov-2008 07:05:06,35,1
25-Nov-2008 07:05:07,25-Nov-2008 07:05:08,35,1
25-Nov-2008 07:05:08,25-Nov-2008 07:05:09,35,1
25-Nov-2008 07:05:11,25-Nov-2008 07:05:12,35,1
25-Nov-2008 07:05:13,25-Nov-2008 07:05:14,35,1
25-Nov-2008 07:05:15,25-Nov-2008 07:05:16,35,1
25-Nov-2008 07:05:20,25-Nov-2008 07:05:23,35,1
25-Nov-2008 07:05:24,25-Nov-2008 07:05:25,35,1
25-Nov-2008 07:05:26,25-Nov-2008 07:05:27,35,1
25-Nov-2008 07:05:28,25-Nov-2008 07:05:29,35,1
25-Nov-2008 07:05:30,25-Nov-2008 07:05:31,35,1
25-Nov-2008 07:05:33,25-Nov-2008 07:05:36,35,1
25-Nov-2008 07:05:38,25-Nov-2008 07:05:40,35,1
25-Nov-2008 07:05:43,25-Nov-2008 07:05:44,35,1
25-Nov-2008 07:05:46,25-Nov-2008 18:09:41,35,1
25-Nov-2008 18:07:02,25-Nov-2008 18:07:03,16,1
25-Nov-2008 18:07:04,25-Nov-2008 18:07:05,16,1
25-Nov-2008 18:07:26,25-Nov-2008 18:07:27,38,1
25-Nov-2008 18:09:42,25-Nov-2008 18:09:43,35,1
25-Nov-2008 18:09:45,25-Nov-2008 18:10:53,35,1
25-Nov-2008 18:10:54,25-Nov-2008 18:10:55,35,1
25-Nov-2008 18:10:56,25-Nov-2008 18:10:57,35,1
25-Nov-2008 18:11:00,25-Nov-2008 18:11:02,35,1
25-Nov-2008 18:11:04,25-Nov-2008 18:11:05,35,1
25-Nov-2008 18:11:07,25-Nov-2008 18:12:46,35,1
25-Nov-2008 18:11:34,25-Nov-2008 18:11:35,16,1
25-Nov-2008 18:12:47,25-Nov-2008 18:12:48,35,1
25-Nov-2008 18:12:51,25-Nov-2008 18:12:52,35,1
25-Nov-2008 18:12:54,25-Nov-2008 18:12:59,35,1
25-Nov-2008 18:13:01,25-Nov-2008 18:13:02,35,1
25-Nov-2008 18:13:04,26-Nov-2008 00:46:12,8,1
25-Nov-2008 18:13:42,25-Nov-2008 18:13:43,35,1
25-Nov-2008 18:13:48,25-Nov-2008 18:13:49,35,1
25-Nov-2008 18:13:51,25-Nov-2008 18:13:53,35,1
25-Nov-2008 18:13:57,25-Nov-2008 18:13:58,35,1
25-Nov-2008 18:13:59,25-Nov-2008 18:14:00,35,1
25-Nov-2008 18:14:32,25-Nov-2008 18:14:33,16,1
25-Nov-2008 18:14:57,25-Nov-2008 18:15:51,38,1
25-Nov-2008 18:15:06,25-Nov-2008 18:15:07,35,1
25-Nov-2008 18:15:51,25-Nov-2008 18:15:52,38,1
25-Nov-2008 18:16:00,25-Nov-2008 18:16:35,38,1
25-Nov-2008 18:18:31,25-Nov-2008 18:18:32,35,1
25-Nov-2008 18:18:33,25-Nov-2008 18:18:34,35,1
25-Nov-2008 18:18:39,25-Nov-2008 18:18:40,35,1
25-Nov-2008 18:18:55,25-Nov-2008 18:18:56,35,1
25-Nov-2008 18:19:07,25-Nov-2008 18:19:08,35,1
25-Nov-2008 18:19:12,25-Nov-2008 18:19:16,35,1
25-Nov-2008 18:19:16,25-Nov-2008 18:19:17,35,1
25-Nov-2008 18:19:21,25-Nov-2008 18:19:22,35,1
25-Nov-2008 18:19:24,25-Nov-2008 18:19:26,35,1
25-Nov-2008 18:19:27,25-Nov-2008 18:19:28,35,1
25-Nov-2008 18:19:33,25-Nov-2008 18:19:45,35,1
25-Nov-2008 18:19:48,25-Nov-2008 18:19:49,35,1
25-Nov-2008 18:19:50,25-Nov-2008 18:19:51,35,1
25-Nov-2008 18:20:00,25-Nov-2008 18:20:02,35,1
25-Nov-2008 18:20:20,25-Nov-2008 18:20:21,16,1
26-Nov-2008 00:45:31,26-Nov-2008 00:45:32,16,1
26-Nov-2008 00:45:54,26-Nov-2008 00:45:55,16,1
26-Nov-2008 00:47:06,26-Nov-2008 00:47:07,38,1
26-Nov-2008 00:47:12,26-Nov-2008 08:14:30,8,1
26-Nov-2008 00:48:42,26-Nov-2008 00:48:43,38,1
26-Nov-2008 00:48:44,26-Nov-2008 00:48:45,38,1
26-Nov-2008 00:48:52,26-Nov-2008 00:48:53,35,1
26-Nov-2008 00:48:55,26-Nov-2008 00:48:56,35,1
26-Nov-2008 00:49:11,26-Nov-2008 00:49:12,16,1
26-Nov-2008 00:51:41,26-Nov-2008 00:51:42,38,1
26-Nov-2008 00:51:44,26-Nov-2008 08:14:59,38,1
26-Nov-2008 00:51:47,26-Nov-2008 00:51:48,16,1
26-Nov-2008 08:13:33,26-Nov-2008 08:13:34,16,1
26-Nov-2008 08:15:00,26-Nov-2008 08:15:01,38,1
26-Nov-2008 08:15:01,26-Nov-2008 08:15:02,35,1
26-Nov-2008 08:15:04,26-Nov-2008 08:15:05,35,1
26-Nov-2008 08:15:28,26-Nov-2008 08:17:27,8,1
26-Nov-2008 08:17:30,26-Nov-2008 08:17:31,8,1
26-Nov-2008 08:17:55,26-Nov-2008 08:17:56,35,1
26-Nov-2008 08:17:57,26-Nov-2008 08:17:58,35,1
26-Nov-2008 08:18:25,27-Nov-2008 06:56:11,8,1
26-Nov-2008 08:18:41,26-Nov-2008 08:18:44,35,1
26-Nov-2008 08:18:44,26-Nov-2008 08:18:45,35,1
26-Nov-2008 08:18:46,26-Nov-2008 08:18:47,35,1
26-Nov-2008 08:18:49,26-Nov-2008 08:18:50,35,1
26-Nov-2008 08:18:52,26-Nov-2008 08:18:53,35,1
26-Nov-2008 08:18:54,26-Nov-2008 08:18:55,35,1
26-Nov-2008 08:18:55,26-Nov-2008 08:18:56,35,1
26-Nov-2008 08:18:57,26-Nov-2008 08:18:58,35,1
26-Nov-2008 08:19:00,26-Nov-2008 08:19:02,35,1
26-Nov-2008 08:19:04,26-Nov-2008 08:19:06,35,1
26-Nov-2008 08:19:07,26-Nov-2008 08:19:08,35,1
26-Nov-2008 08:19:09,26-Nov-2008 08:19:10,35,1
26-Nov-2008 08:19:12,26-Nov-2008 08:19:15,35,1
26-Nov-2008 08:19:18,26-Nov-2008 08:19:22,35,1
26-Nov-2008 08:19:23,26-Nov-2008 08:19:24,35,1
26-Nov-2008 08:19:25,26-Nov-2008 08:19:26,35,1
26-Nov-2008 08:19:27,26-Nov-2008 08:19:28,35,1
26-Nov-2008 08:19:29,26-Nov-2008 08:19:30,35,1
26-Nov-2008 08:19:33,26-Nov-2008 08:19:35,35,1
26-Nov-2008 08:19:36,26-Nov-2008 08:19:37,35,1
26-Nov-2008 08:19:38,26-Nov-2008 08:19:40,35,1
26-Nov-2008 08:19:41,26-Nov-2008 08:19:42,35,1
26-Nov-2008 08:19:43,26-Nov-2008 08:19:44,35,1
26-Nov-2008 08:19:47,26-Nov-2008 08:19:48,35,1
26-Nov-2008 08:19:49,26-Nov-2008 08:19:50,35,1
26-Nov-2008 08:19:51,26-Nov-2008 08:19:52,35,1
26-Nov-2008 08:19:53,26-Nov-2008 08:19:54,35,1
26-Nov-2008 08:19:55,26-Nov-2008 08:19:56,35,1
26-Nov-2008 08:19:58,26-Nov-2008 08:20:00,35,1
26-Nov-2008 08:20:02,26-Nov-2008 08:20:03,35,1
26-Nov-2008 08:20:05,26-Nov-2008 08:20:06,35,1
26-Nov-2008 08:20:08,26-Nov-2008 08:20:09,35,1
26-Nov-2008 08:20:10,26-Nov-2008 08:20:11,35,1
26-Nov-2008 08:20:12,26-Nov-2008 08:20:13,35,1
26-Nov-2008 08:20:14,26-Nov-2008 08:20:15,35,1
26-Nov-2008 08:20:16,26-Nov-2008 08:20:17,35,1
26-Nov-2008 08:20:19,26-Nov-2008 08:20:21,35,1
26-Nov-2008 08:20:23,26-Nov-2008 08:20:24,35,1
26-Nov-2008 08:20:25,26-Nov-2008 08:20:26,35,1
26-Nov-2008 08:20:28,26-Nov-2008 08:20:29,35,1
26-Nov-2008 08:20:31,26-Nov-2008 08:20:33,35,1
26-Nov-2008 08:20:34,26-Nov-2008 08:20:35,35,1
26-Nov-2008 08:20:36,26-Nov-2008 08:20:37,35,1
26-Nov-2008 08:20:37,26-Nov-2008 08:20:38,35,1
26-Nov-2008 08:20:39,26-Nov-2008 08:20:40,35,1
26-Nov-2008 08:20:41,26-Nov-2008 08:20:42,35,1
26-Nov-2008 08:20:43,26-Nov-2008 08:20:44,35,1
26-Nov-2008 08:20:45,26-Nov-2008 08:20:46,35,1
26-Nov-2008 08:20:49,26-Nov-2008 08:20:51,35,1
26-Nov-2008 08:20:52,26-Nov-2008 08:20:53,35,1
26-Nov-2008 08:20:54,26-Nov-2008 08:20:55,35,1
26-Nov-2008 08:20:56,26-Nov-2008 08:20:57,35,1
26-Nov-2008 08:20:58,26-Nov-2008 08:20:59,35,1
26-Nov-2008 08:21:01,26-Nov-2008 08:21:03,35,1
26-Nov-2008 08:21:04,26-Nov-2008 08:21:05,35,1
26-Nov-2008 08:21:07,26-Nov-2008 08:21:08,35,1
26-Nov-2008 08:21:09,26-Nov-2008 08:21:10,35,1
26-Nov-2008 08:21:11,26-Nov-2008 08:21:12,35,1
26-Nov-2008 08:21:14,26-Nov-2008 08:21:16,35,1
26-Nov-2008 08:21:16,26-Nov-2008 08:21:17,35,1
26-Nov-2008 08:21:21,26-Nov-2008 08:21:23,35,1
26-Nov-2008 08:21:25,26-Nov-2008 08:21:26,35,1
26-Nov-2008 08:21:27,26-Nov-2008 08:21:28,35,1
26-Nov-2008 08:21:29,26-Nov-2008 08:21:31,35,1
26-Nov-2008 08:21:32,26-Nov-2008 08:21:33,35,1
26-Nov-2008 08:21:34,26-Nov-2008 08:21:35,35,1
26-Nov-2008 08:21:36,26-Nov-2008 08:21:37,35,1
26-Nov-2008 08:21:38,26-Nov-2008 08:21:39,35,1
26-Nov-2008 08:21:41,26-Nov-2008 08:21:43,35,1
26-Nov-2008 08:21:44,26-Nov-2008 08:21:45,35,1
26-Nov-2008 08:21:46,26-Nov-2008 08:21:47,35,1
26-Nov-2008 08:21:48,26-Nov-2008 08:21:49,35,1
26-Nov-2008 08:21:51,26-Nov-2008 08:21:52,35,1
26-Nov-2008 08:21:53,26-Nov-2008 08:21:54,35,1
26-Nov-2008 08:21:55,26-Nov-2008 08:21:56,35,1
26-Nov-2008 08:21:57,26-Nov-2008 08:21:58,35,1
26-Nov-2008 08:21:59,26-Nov-2008 08:22:00,35,1
26-Nov-2008 08:22:01,26-Nov-2008 08:22:02,35,1
26-Nov-2008 08:22:03,26-Nov-2008 08:22:04,35,1
26-Nov-2008 08:22:06,26-Nov-2008 08:22:08,35,1
26-Nov-2008 08:22:10,26-Nov-2008 08:22:11,35,1
26-Nov-2008 08:22:13,26-Nov-2008 08:22:15,35,1
26-Nov-2008 08:22:18,26-Nov-2008 08:22:19,35,1
26-Nov-2008 08:22:21,26-Nov-2008 08:22:22,35,1
26-Nov-2008 08:22:23,26-Nov-2008 08:22:24,35,1
26-Nov-2008 08:22:25,26-Nov-2008 08:22:26,35,1
26-Nov-2008 08:22:27,26-Nov-2008 08:22:28,35,1
26-Nov-2008 08:22:30,26-Nov-2008 08:22:32,35,1
26-Nov-2008 08:22:34,26-Nov-2008 08:22:35,35,1
26-Nov-2008 08:22:35,26-Nov-2008 08:22:36,35,1
26-Nov-2008 08:22:38,26-Nov-2008 08:22:39,35,1
26-Nov-2008 08:22:40,26-Nov-2008 08:22:41,35,1
26-Nov-2008 08:22:43,26-Nov-2008 08:22:45,35,1
26-Nov-2008 08:22:46,26-Nov-2008 08:22:47,35,1
26-Nov-2008 08:22:49,26-Nov-2008 08:22:50,35,1
26-Nov-2008 08:22:51,26-Nov-2008 08:22:52,35,1
26-Nov-2008 08:22:53,26-Nov-2008 08:22:54,35,1
26-Nov-2008 08:22:55,26-Nov-2008 08:22:56,35,1
26-Nov-2008 08:22:57,26-Nov-2008 08:22:58,35,1
26-Nov-2008 08:22:59,26-Nov-2008 08:23:00,35,1
26-Nov-2008 08:23:06,26-Nov-2008 08:23:08,35,1
26-Nov-2008 08:34:50,26-Nov-2008 08:34:51,16,1
26-Nov-2008 08:34:54,26-Nov-2008 08:34:55,16,1
26-Nov-2008 08:36:16,26-Nov-2008 08:36:17,38,1
26-Nov-2008 08:36:22,26-Nov-2008 08:36:23,35,1
26-Nov-2008 08:36:35,27-Nov-2008 00:09:13,35,1
27-Nov-2008 00:07:32,27-Nov-2008 00:07:34,38,1
27-Nov-2008 00:07:36,27-Nov-2008 00:09:07,38,1
27-Nov-2008 00:09:08,27-Nov-2008 00:09:09,38,1
27-Nov-2008 00:09:20,27-Nov-2008 00:09:21,35,1
27-Nov-2008 00:09:22,27-Nov-2008 00:09:23,35,1
27-Nov-2008 00:09:24,27-Nov-2008 00:09:25,35,1
27-Nov-2008 00:09:36,27-Nov-2008 00:09:37,16,1
27-Nov-2008 00:14:20,27-Nov-2008 00:14:21,16,1
27-Nov-2008 00:14:22,27-Nov-2008 00:14:23,16,1
27-Nov-2008 00:15:50,27-Nov-2008 00:15:51,16,1
27-Nov-2008 00:15:51,27-Nov-2008 00:15:52,16,1
27-Nov-2008 00:15:55,27-Nov-2008 00:15:56,16,1
27-Nov-2008 00:16:01,27-Nov-2008 00:16:02,16,1
27-Nov-2008 00:16:13,27-Nov-2008 00:16:14,16,1
27-Nov-2008 00:16:38,27-Nov-2008 00:16:39,16,1
27-Nov-2008 00:17:14,27-Nov-2008 00:17:15,16,1
27-Nov-2008 00:17:50,27-Nov-2008 00:17:51,16,1
27-Nov-2008 06:54:14,27-Nov-2008 06:54:15,16,1
27-Nov-2008 06:54:33,27-Nov-2008 06:54:34,16,1
27-Nov-2008 06:56:02,27-Nov-2008 06:56:03,35,1
27-Nov-2008 06:57:09,28-Nov-2008 07:13:46,8,1
27-Nov-2008 06:57:22,27-Nov-2008 06:57:23,35,1
27-Nov-2008 06:57:23,27-Nov-2008 06:57:24,35,1
27-Nov-2008 06:57:29,27-Nov-2008 06:57:30,35,1
27-Nov-2008 06:57:32,27-Nov-2008 06:57:33,35,1
27-Nov-2008 06:57:39,27-Nov-2008 06:57:40,35,1
27-Nov-2008 06:57:41,27-Nov-2008 06:57:42,35,1
27-Nov-2008 06:57:44,27-Nov-2008 06:57:45,35,1
27-Nov-2008 06:57:46,27-Nov-2008 06:57:47,35,1
27-Nov-2008 06:57:48,27-Nov-2008 06:57:49,35,1
27-Nov-2008 06:57:50,27-Nov-2008 06:57:51,35,1
27-Nov-2008 06:57:52,27-Nov-2008 06:57:53,35,1
27-Nov-2008 06:57:53,27-Nov-2008 06:57:54,35,1
27-Nov-2008 06:57:55,27-Nov-2008 06:57:56,35,1
27-Nov-2008 06:58:00,27-Nov-2008 06:58:03,35,1
27-Nov-2008 06:58:04,27-Nov-2008 06:58:05,35,1
27-Nov-2008 06:58:06,27-Nov-2008 06:58:07,35,1
27-Nov-2008 06:58:09,27-Nov-2008 06:58:10,35,1
27-Nov-2008 06:58:11,27-Nov-2008 06:58:12,35,1
27-Nov-2008 06:58:13,27-Nov-2008 06:58:14,35,1
27-Nov-2008 06:58:14,27-Nov-2008 06:58:15,35,1
27-Nov-2008 06:58:16,27-Nov-2008 06:58:17,35,1
27-Nov-2008 06:58:18,27-Nov-2008 06:58:19,35,1
27-Nov-2008 06:58:20,27-Nov-2008 06:58:21,35,1
27-Nov-2008 06:58:22,27-Nov-2008 06:58:23,35,1
27-Nov-2008 06:58:24,27-Nov-2008 06:58:25,35,1
27-Nov-2008 06:58:26,27-Nov-2008 06:58:27,35,1
27-Nov-2008 06:58:28,27-Nov-2008 06:58:29,35,1
27-Nov-2008 06:58:29,27-Nov-2008 06:58:30,35,1
27-Nov-2008 06:58:31,27-Nov-2008 06:58:32,35,1
27-Nov-2008 06:58:33,27-Nov-2008 06:58:34,35,1
27-Nov-2008 06:58:36,27-Nov-2008 06:58:39,35,1
27-Nov-2008 06:58:40,27-Nov-2008 06:58:41,35,1
27-Nov-2008 06:58:42,27-Nov-2008 06:58:43,35,1
27-Nov-2008 06:58:45,27-Nov-2008 06:58:47,35,1
27-Nov-2008 06:58:48,27-Nov-2008 06:58:49,35,1
27-Nov-2008 06:58:50,27-Nov-2008 06:58:51,35,1
27-Nov-2008 06:58:53,27-Nov-2008 06:58:54,35,1
27-Nov-2008 06:58:55,27-Nov-2008 06:58:56,35,1
27-Nov-2008 06:58:59,27-Nov-2008 06:59:00,35,1
27-Nov-2008 06:59:00,27-Nov-2008 06:59:01,35,1
27-Nov-2008 06:59:03,27-Nov-2008 06:59:05,35,1
27-Nov-2008 06:59:06,27-Nov-2008 06:59:07,35,1
27-Nov-2008 06:59:08,27-Nov-2008 06:59:09,35,1
27-Nov-2008 06:59:10,27-Nov-2008 06:59:11,35,1
27-Nov-2008 06:59:12,27-Nov-2008 06:59:13,35,1
27-Nov-2008 06:59:14,27-Nov-2008 06:59:15,35,1
27-Nov-2008 06:59:17,27-Nov-2008 06:59:18,35,1
27-Nov-2008 06:59:20,27-Nov-2008 06:59:25,35,1
27-Nov-2008 06:59:25,27-Nov-2008 06:59:26,35,1
27-Nov-2008 06:59:29,27-Nov-2008 06:59:30,35,1
27-Nov-2008 06:59:32,27-Nov-2008 06:59:33,35,1
27-Nov-2008 06:59:34,27-Nov-2008 06:59:35,35,1
27-Nov-2008 06:59:36,27-Nov-2008 06:59:37,35,1
27-Nov-2008 06:59:38,27-Nov-2008 06:59:39,35,1
27-Nov-2008 06:59:41,27-Nov-2008 06:59:43,35,1
27-Nov-2008 06:59:45,27-Nov-2008 06:59:47,35,1
27-Nov-2008 06:59:48,27-Nov-2008 06:59:49,35,1
27-Nov-2008 06:59:51,27-Nov-2008 06:59:53,35,1
27-Nov-2008 06:59:54,27-Nov-2008 06:59:55,35,1
27-Nov-2008 06:59:56,27-Nov-2008 06:59:57,35,1
27-Nov-2008 06:59:58,27-Nov-2008 06:59:59,35,1
27-Nov-2008 07:00:01,27-Nov-2008 07:00:02,35,1
27-Nov-2008 07:00:03,27-Nov-2008 07:00:04,35,1
27-Nov-2008 07:00:05,27-Nov-2008 07:00:06,35,1
27-Nov-2008 07:00:07,27-Nov-2008 07:00:08,35,1
27-Nov-2008 07:00:09,27-Nov-2008 07:00:10,35,1
27-Nov-2008 07:00:11,27-Nov-2008 07:00:12,35,1
27-Nov-2008 07:00:15,27-Nov-2008 07:00:17,35,1
27-Nov-2008 07:00:19,27-Nov-2008 07:00:23,35,1
27-Nov-2008 07:00:24,27-Nov-2008 07:00:25,35,1
27-Nov-2008 07:00:42,27-Nov-2008 07:00:43,35,1
27-Nov-2008 07:00:45,27-Nov-2008 07:00:46,35,1
27-Nov-2008 07:01:00,27-Nov-2008 07:01:01,35,1
27-Nov-2008 07:01:02,27-Nov-2008 07:01:03,35,1
27-Nov-2008 07:01:04,27-Nov-2008 07:01:05,35,1
27-Nov-2008 07:01:06,27-Nov-2008 07:01:07,35,1
27-Nov-2008 07:01:09,27-Nov-2008 07:01:11,35,1
27-Nov-2008 07:01:15,27-Nov-2008 07:01:16,35,1
27-Nov-2008 07:01:21,27-Nov-2008 07:01:22,35,1
27-Nov-2008 07:01:23,27-Nov-2008 07:01:24,35,1
27-Nov-2008 07:01:26,27-Nov-2008 07:01:30,35,1
27-Nov-2008 07:01:32,27-Nov-2008 07:01:34,35,1
27-Nov-2008 07:01:35,27-Nov-2008 07:01:36,35,1
27-Nov-2008 07:01:38,27-Nov-2008 07:01:39,35,1
27-Nov-2008 07:01:41,27-Nov-2008 07:01:44,35,1
27-Nov-2008 07:01:46,27-Nov-2008 07:01:51,35,1
27-Nov-2008 07:02:39,27-Nov-2008 07:03:50,38,1
27-Nov-2008 07:02:45,27-Nov-2008 07:02:46,35,1
27-Nov-2008 07:03:18,27-Nov-2008 07:03:19,35,1
27-Nov-2008 07:03:20,27-Nov-2008 07:03:21,35,1
27-Nov-2008 07:03:24,27-Nov-2008 07:03:25,35,1
27-Nov-2008 07:03:50,27-Nov-2008 07:03:51,38,1
27-Nov-2008 07:03:54,27-Nov-2008 07:03:55,35,1
27-Nov-2008 07:03:57,27-Nov-2008 07:03:58,35,1
27-Nov-2008 07:04:59,27-Nov-2008 07:05:00,16,1
27-Nov-2008 07:05:02,27-Nov-2008 07:05:03,16,1
27-Nov-2008 18:09:28,27-Nov-2008 18:09:29,16,1
27-Nov-2008 18:09:30,27-Nov-2008 18:09:31,16,1
27-Nov-2008 18:10:07,27-Nov-2008 18:10:18,38,1
27-Nov-2008 18:10:20,27-Nov-2008 18:12:06,38,1
27-Nov-2008 18:12:07,27-Nov-2008 18:12:08,38,1
27-Nov-2008 18:12:15,27-Nov-2008 18:12:16,35,1
27-Nov-2008 18:12:18,27-Nov-2008 18:12:20,35,1
27-Nov-2008 18:12:25,27-Nov-2008 18:12:26,35,1
27-Nov-2008 18:12:29,27-Nov-2008 18:12:56,35,1
27-Nov-2008 18:12:56,27-Nov-2008 18:12:57,35,1
27-Nov-2008 18:13:00,27-Nov-2008 18:13:04,35,1
27-Nov-2008 18:13:06,27-Nov-2008 18:13:08,35,1
27-Nov-2008 18:13:14,27-Nov-2008 18:13:15,35,1
27-Nov-2008 18:13:45,27-Nov-2008 18:13:46,16,1
28-Nov-2008 00:19:23,28-Nov-2008 00:19:24,16,1
28-Nov-2008 00:19:25,28-Nov-2008 00:19:26,16,1
28-Nov-2008 00:19:28,28-Nov-2008 00:19:29,16,1
28-Nov-2008 00:20:12,28-Nov-2008 00:20:15,38,1
28-Nov-2008 00:20:19,28-Nov-2008 00:20:20,35,1
28-Nov-2008 00:20:22,28-Nov-2008 00:20:23,35,1
28-Nov-2008 00:21:54,28-Nov-2008 00:21:55,38,1
28-Nov-2008 00:21:59,28-Nov-2008 00:22:00,38,1
28-Nov-2008 00:22:03,28-Nov-2008 00:22:04,38,1
28-Nov-2008 00:22:04,28-Nov-2008 00:22:05,35,1
28-Nov-2008 00:22:07,28-Nov-2008 00:22:09,35,1
28-Nov-2008 00:22:12,28-Nov-2008 00:22:13,35,1
28-Nov-2008 00:22:14,28-Nov-2008 00:22:15,35,1
28-Nov-2008 00:23:17,28-Nov-2008 00:23:18,16,1
28-Nov-2008 00:23:19,28-Nov-2008 00:23:20,16,1
28-Nov-2008 07:13:02,28-Nov-2008 07:13:03,16,1
28-Nov-2008 07:13:04,28-Nov-2008 07:13:05,16,1
28-Nov-2008 07:13:07,28-Nov-2008 07:13:09,35,1
28-Nov-2008 07:14:43,28-Nov-2008 07:14:46,35,1
28-Nov-2008 07:15:04,28-Nov-2008 07:15:05,8,1
28-Nov-2008 07:15:06,28-Nov-2008 07:15:07,35,1
28-Nov-2008 07:15:07,28-Nov-2008 07:15:08,35,1
28-Nov-2008 07:15:09,28-Nov-2008 07:15:10,35,1
28-Nov-2008 07:15:11,28-Nov-2008 07:15:12,35,1
28-Nov-2008 07:15:13,28-Nov-2008 07:15:14,35,1
28-Nov-2008 07:15:16,28-Nov-2008 07:15:17,35,1
28-Nov-2008 07:15:18,28-Nov-2008 07:15:19,35,1
28-Nov-2008 07:15:20,28-Nov-2008 07:15:21,35,1
28-Nov-2008 07:15:22,28-Nov-2008 07:15:23,35,1
28-Nov-2008 07:15:24,28-Nov-2008 07:15:25,35,1
28-Nov-2008 07:15:27,28-Nov-2008 07:15:28,35,1
28-Nov-2008 07:15:29,28-Nov-2008 07:15:30,35,1
28-Nov-2008 07:15:31,28-Nov-2008 07:15:32,35,1
28-Nov-2008 07:15:33,28-Nov-2008 07:15:34,35,1
28-Nov-2008 07:15:35,28-Nov-2008 07:15:36,35,1
28-Nov-2008 07:15:37,28-Nov-2008 07:15:38,35,1
28-Nov-2008 07:15:39,28-Nov-2008 07:15:40,35,1
28-Nov-2008 07:15:41,28-Nov-2008 07:15:42,35,1
28-Nov-2008 07:15:43,28-Nov-2008 07:15:44,35,1
28-Nov-2008 07:15:45,28-Nov-2008 07:15:46,35,1
28-Nov-2008 07:15:48,28-Nov-2008 07:15:50,35,1
28-Nov-2008 07:15:51,28-Nov-2008 07:15:52,35,1
28-Nov-2008 07:15:53,28-Nov-2008 07:15:54,35,1
28-Nov-2008 07:15:57,28-Nov-2008 07:15:58,35,1
28-Nov-2008 07:16:00,28-Nov-2008 07:16:02,35,1
28-Nov-2008 07:16:03,28-Nov-2008 07:16:04,8,1
28-Nov-2008 07:16:05,28-Nov-2008 07:16:06,8,1
28-Nov-2008 07:16:08,28-Nov-2008 07:16:09,8,1
28-Nov-2008 07:16:14,28-Nov-2008 07:16:15,8,1
28-Nov-2008 07:16:27,28-Nov-2008 07:16:28,8,1
28-Nov-2008 07:16:51,28-Nov-2008 07:16:52,8,1
28-Nov-2008 07:16:53,28-Nov-2008 07:16:54,35,1
28-Nov-2008 07:16:56,28-Nov-2008 07:16:57,35,1
28-Nov-2008 07:16:58,28-Nov-2008 07:16:59,35,1
28-Nov-2008 07:17:01,28-Nov-2008 07:17:03,35,1
28-Nov-2008 07:17:04,28-Nov-2008 07:17:05,35,1
28-Nov-2008 07:17:06,28-Nov-2008 07:17:07,35,1
28-Nov-2008 07:17:08,28-Nov-2008 07:17:09,35,1
28-Nov-2008 07:17:10,28-Nov-2008 07:17:11,35,1
28-Nov-2008 07:17:12,28-Nov-2008 07:17:13,35,1
28-Nov-2008 07:17:16,28-Nov-2008 07:17:21,35,1
28-Nov-2008 07:17:28,29-Nov-2008 16:56:05,8,1
28-Nov-2008 07:17:28,28-Nov-2008 07:17:29,35,1
28-Nov-2008 07:17:30,28-Nov-2008 07:17:31,35,1
28-Nov-2008 07:17:32,28-Nov-2008 07:17:33,35,1
28-Nov-2008 07:17:35,28-Nov-2008 07:17:37,35,1
28-Nov-2008 07:17:38,28-Nov-2008 07:17:39,35,1
28-Nov-2008 07:17:40,28-Nov-2008 07:17:41,35,1
28-Nov-2008 07:17:42,28-Nov-2008 07:17:43,35,1
28-Nov-2008 07:17:46,28-Nov-2008 07:17:53,35,1
28-Nov-2008 07:17:54,28-Nov-2008 07:17:55,35,1
28-Nov-2008 07:18:18,28-Nov-2008 07:18:19,35,1
28-Nov-2008 07:18:21,28-Nov-2008 19:34:48,35,1
28-Nov-2008 07:18:46,28-Nov-2008 07:18:47,16,1
28-Nov-2008 07:24:12,28-Nov-2008 07:24:13,16,1
28-Nov-2008 19:32:24,28-Nov-2008 19:32:25,16,1
28-Nov-2008 19:32:27,28-Nov-2008 19:32:28,16,1
28-Nov-2008 19:33:13,28-Nov-2008 19:33:14,38,1
28-Nov-2008 19:33:15,28-Nov-2008 19:34:42,38,1
28-Nov-2008 19:34:51,28-Nov-2008 19:35:18,35,1
28-Nov-2008 19:35:15,28-Nov-2008 19:35:16,38,1
28-Nov-2008 19:35:22,28-Nov-2008 19:35:32,35,1
28-Nov-2008 19:36:18,28-Nov-2008 19:36:19,16,1
28-Nov-2008 19:36:20,28-Nov-2008 19:36:21,16,1
28-Nov-2008 19:36:24,28-Nov-2008 19:36:25,16,1
28-Nov-2008 19:36:30,28-Nov-2008 19:36:31,16,1
29-Nov-2008 07:20:45,29-Nov-2008 07:20:46,16,1
29-Nov-2008 07:21:13,29-Nov-2008 07:21:14,16,1
29-Nov-2008 07:27:10,29-Nov-2008 07:27:11,16,1
29-Nov-2008 07:27:12,29-Nov-2008 07:27:13,16,1
29-Nov-2008 11:31:00,29-Nov-2008 11:31:01,16,1
29-Nov-2008 11:31:02,29-Nov-2008 11:31:03,35,1
29-Nov-2008 11:31:04,29-Nov-2008 11:31:05,35,1
29-Nov-2008 11:31:12,29-Nov-2008 11:31:14,35,1
29-Nov-2008 11:31:15,29-Nov-2008 11:31:16,16,1
29-Nov-2008 11:31:19,29-Nov-2008 11:31:20,16,1
29-Nov-2008 16:54:23,29-Nov-2008 16:54:24,16,1
29-Nov-2008 16:54:25,29-Nov-2008 16:54:26,16,1
29-Nov-2008 16:54:28,29-Nov-2008 16:54:29,35,1
29-Nov-2008 16:54:30,29-Nov-2008 16:54:31,35,1
29-Nov-2008 16:54:37,29-Nov-2008 16:54:38,35,1
29-Nov-2008 16:55:09,29-Nov-2008 16:55:10,16,1
29-Nov-2008 16:57:23,29-Nov-2008 16:57:24,16,1
29-Nov-2008 16:57:27,29-Nov-2008 16:57:28,35,1
29-Nov-2008 16:57:30,29-Nov-2008 17:02:44,35,1
29-Nov-2008 16:58:07,29-Nov-2008 19:02:12,8,1
29-Nov-2008 16:58:14,29-Nov-2008 16:58:28,38,1
29-Nov-2008 16:58:29,29-Nov-2008 16:58:59,38,1
29-Nov-2008 17:02:44,29-Nov-2008 17:02:45,35,1
29-Nov-2008 17:02:47,29-Nov-2008 17:02:48,35,1
29-Nov-2008 17:02:50,29-Nov-2008 17:02:51,35,1
29-Nov-2008 17:02:52,29-Nov-2008 17:02:53,35,1
29-Nov-2008 17:02:55,29-Nov-2008 17:02:56,35,1
29-Nov-2008 17:03:01,29-Nov-2008 17:03:02,35,1
29-Nov-2008 17:03:02,29-Nov-2008 17:03:03,38,1
29-Nov-2008 17:03:14,29-Nov-2008 17:03:15,38,1
29-Nov-2008 17:03:17,29-Nov-2008 17:03:19,35,1
29-Nov-2008 17:03:20,29-Nov-2008 17:03:21,35,1
29-Nov-2008 17:03:27,29-Nov-2008 17:03:28,35,1
29-Nov-2008 18:51:32,29-Nov-2008 18:51:33,16,1
29-Nov-2008 18:51:36,29-Nov-2008 18:51:37,35,1
29-Nov-2008 18:51:38,29-Nov-2008 18:51:39,35,1
29-Nov-2008 18:51:41,29-Nov-2008 18:51:45,35,1
29-Nov-2008 18:51:56,29-Nov-2008 18:51:57,35,1
29-Nov-2008 18:51:59,29-Nov-2008 18:52:34,35,1
29-Nov-2008 18:52:39,29-Nov-2008 18:52:40,35,1
29-Nov-2008 18:53:18,29-Nov-2008 18:53:19,35,1
29-Nov-2008 18:53:30,29-Nov-2008 18:53:33,35,1
29-Nov-2008 18:55:26,29-Nov-2008 18:55:27,35,1
29-Nov-2008 18:55:28,29-Nov-2008 18:55:29,35,1
29-Nov-2008 18:55:31,29-Nov-2008 18:55:32,35,1
29-Nov-2008 18:55:33,29-Nov-2008 18:55:34,35,1
29-Nov-2008 18:55:36,29-Nov-2008 18:56:14,35,1
29-Nov-2008 18:56:15,29-Nov-2008 18:56:16,35,1
29-Nov-2008 18:56:17,29-Nov-2008 18:56:18,35,1
29-Nov-2008 18:56:28,29-Nov-2008 18:56:32,35,1
29-Nov-2008 18:57:04,29-Nov-2008 18:57:05,35,1
29-Nov-2008 18:57:17,29-Nov-2008 18:57:18,35,1
29-Nov-2008 18:57:20,29-Nov-2008 18:57:21,38,1
29-Nov-2008 18:57:24,29-Nov-2008 18:57:25,38,1
29-Nov-2008 18:57:29,29-Nov-2008 18:57:41,35,1
29-Nov-2008 18:58:26,29-Nov-2008 18:58:27,35,1
29-Nov-2008 18:58:43,29-Nov-2008 18:58:44,38,1
29-Nov-2008 18:58:46,29-Nov-2008 19:00:58,38,1
29-Nov-2008 18:58:48,29-Nov-2008 18:58:49,35,1
29-Nov-2008 18:58:51,29-Nov-2008 18:58:53,35,1
29-Nov-2008 18:58:56,29-Nov-2008 18:58:57,35,1
29-Nov-2008 18:59:00,29-Nov-2008 18:59:01,35,1
29-Nov-2008 18:59:03,29-Nov-2008 18:59:05,35,1
29-Nov-2008 18:59:08,29-Nov-2008 18:59:10,35,1
29-Nov-2008 19:00:09,29-Nov-2008 19:00:10,35,1
29-Nov-2008 19:00:11,29-Nov-2008 19:00:13,35,1
29-Nov-2008 19:00:15,29-Nov-2008 19:00:55,35,1
29-Nov-2008 19:01:06,29-Nov-2008 19:01:07,38,1
29-Nov-2008 19:01:08,29-Nov-2008 19:01:26,38,1
29-Nov-2008 19:01:21,29-Nov-2008 19:01:22,35,1
29-Nov-2008 19:01:22,29-Nov-2008 19:01:23,35,1
29-Nov-2008 19:01:26,29-Nov-2008 19:01:27,38,1
29-Nov-2008 19:01:29,29-Nov-2008 19:01:30,35,1
29-Nov-2008 19:02:49,29-Nov-2008 19:02:50,35,1
29-Nov-2008 19:02:50,29-Nov-2008 19:02:51,35,1
29-Nov-2008 19:02:52,29-Nov-2008 19:02:53,35,1
29-Nov-2008 19:02:57,29-Nov-2008 19:03:00,35,1
29-Nov-2008 19:03:01,29-Nov-2008 19:03:02,35,1
29-Nov-2008 19:03:03,29-Nov-2008 19:03:04,35,1
29-Nov-2008 19:03:05,29-Nov-2008 19:03:06,35,1
29-Nov-2008 19:03:07,29-Nov-2008 19:03:08,35,1
29-Nov-2008 19:03:10,30-Nov-2008 01:48:50,8,1
29-Nov-2008 19:03:13,29-Nov-2008 19:03:16,35,1
29-Nov-2008 19:03:20,29-Nov-2008 19:03:21,35,1
29-Nov-2008 19:03:22,29-Nov-2008 19:03:26,35,1
29-Nov-2008 19:03:27,29-Nov-2008 19:03:28,35,1
29-Nov-2008 19:03:29,29-Nov-2008 19:03:30,35,1
29-Nov-2008 19:03:31,29-Nov-2008 19:03:32,35,1
29-Nov-2008 19:03:33,29-Nov-2008 19:03:34,35,1
29-Nov-2008 19:03:51,29-Nov-2008 19:03:52,35,1
29-Nov-2008 19:04:05,29-Nov-2008 19:04:07,35,1
29-Nov-2008 19:04:39,29-Nov-2008 19:04:40,35,1
29-Nov-2008 19:07:22,29-Nov-2008 19:07:37,35,1
29-Nov-2008 19:07:40,29-Nov-2008 19:07:52,35,1
29-Nov-2008 19:09:04,29-Nov-2008 19:09:05,35,1
29-Nov-2008 19:09:06,29-Nov-2008 19:09:07,35,1
29-Nov-2008 19:09:08,29-Nov-2008 19:09:09,35,1
29-Nov-2008 19:09:10,29-Nov-2008 19:09:11,35,1
29-Nov-2008 19:09:11,29-Nov-2008 19:09:12,35,1
29-Nov-2008 19:09:13,29-Nov-2008 19:09:14,35,1
29-Nov-2008 19:09:15,29-Nov-2008 19:09:16,35,1
29-Nov-2008 19:09:19,29-Nov-2008 19:09:21,35,1
29-Nov-2008 19:09:22,29-Nov-2008 19:09:23,35,1
29-Nov-2008 19:09:26,29-Nov-2008 19:09:27,35,1
29-Nov-2008 19:09:29,29-Nov-2008 19:09:30,35,1
29-Nov-2008 19:09:32,29-Nov-2008 19:09:33,35,1
29-Nov-2008 19:09:35,29-Nov-2008 19:09:37,35,1
29-Nov-2008 19:09:38,29-Nov-2008 19:09:39,35,1
29-Nov-2008 19:09:40,29-Nov-2008 19:09:41,35,1
29-Nov-2008 19:09:43,29-Nov-2008 19:09:44,35,1
29-Nov-2008 19:09:45,29-Nov-2008 19:09:46,35,1
29-Nov-2008 19:09:47,29-Nov-2008 19:09:48,35,1
29-Nov-2008 19:09:52,29-Nov-2008 19:09:53,35,1
29-Nov-2008 19:09:55,29-Nov-2008 19:09:56,35,1
29-Nov-2008 19:09:57,29-Nov-2008 19:09:58,35,1
29-Nov-2008 19:09:59,29-Nov-2008 19:10:00,35,1
29-Nov-2008 19:10:00,29-Nov-2008 19:10:01,35,1
29-Nov-2008 19:10:02,29-Nov-2008 19:10:03,35,1
29-Nov-2008 19:10:06,29-Nov-2008 19:10:07,35,1
29-Nov-2008 19:10:09,29-Nov-2008 19:10:11,35,1
29-Nov-2008 19:10:12,29-Nov-2008 19:10:13,35,1
29-Nov-2008 19:10:14,29-Nov-2008 19:10:15,35,1
29-Nov-2008 19:10:16,29-Nov-2008 19:10:17,35,1
29-Nov-2008 19:10:17,29-Nov-2008 19:10:18,35,1
29-Nov-2008 19:10:20,29-Nov-2008 19:10:21,35,1
29-Nov-2008 19:10:22,29-Nov-2008 19:10:23,35,1
29-Nov-2008 19:10:26,29-Nov-2008 19:10:27,35,1
29-Nov-2008 19:10:28,29-Nov-2008 19:10:29,35,1
29-Nov-2008 19:10:32,29-Nov-2008 19:10:33,35,1
29-Nov-2008 19:10:36,29-Nov-2008 19:10:37,35,1
29-Nov-2008 19:10:38,29-Nov-2008 19:10:39,35,1
29-Nov-2008 19:10:41,29-Nov-2008 19:10:42,35,1
29-Nov-2008 19:10:44,29-Nov-2008 19:10:46,35,1
29-Nov-2008 19:10:47,29-Nov-2008 19:10:48,35,1
29-Nov-2008 19:10:49,29-Nov-2008 19:10:50,35,1
29-Nov-2008 19:10:51,29-Nov-2008 19:10:52,35,1
29-Nov-2008 19:10:57,29-Nov-2008 19:11:00,35,1
29-Nov-2008 19:11:02,29-Nov-2008 19:11:04,35,1
29-Nov-2008 19:11:05,29-Nov-2008 19:11:06,35,1
29-Nov-2008 19:11:07,29-Nov-2008 19:11:08,35,1
29-Nov-2008 19:11:10,29-Nov-2008 19:11:13,35,1
29-Nov-2008 19:11:15,29-Nov-2008 19:11:16,35,1
29-Nov-2008 19:11:23,29-Nov-2008 19:11:24,35,1
29-Nov-2008 19:11:26,29-Nov-2008 19:11:33,35,1
29-Nov-2008 19:11:34,29-Nov-2008 19:11:35,35,1
29-Nov-2008 19:11:37,29-Nov-2008 19:11:38,35,1
29-Nov-2008 19:11:41,29-Nov-2008 19:11:42,35,1
29-Nov-2008 19:11:42,29-Nov-2008 19:11:43,35,1
29-Nov-2008 19:11:45,29-Nov-2008 19:11:46,35,1
29-Nov-2008 19:12:21,29-Nov-2008 19:12:22,16,1
29-Nov-2008 19:15:41,29-Nov-2008 19:15:42,16,1
30-Nov-2008 01:47:38,30-Nov-2008 01:47:39,16,1
30-Nov-2008 01:47:46,30-Nov-2008 01:47:47,35,1
30-Nov-2008 01:47:49,30-Nov-2008 01:47:51,35,1
30-Nov-2008 01:49:30,30-Nov-2008 01:49:31,38,1
30-Nov-2008 01:49:42,30-Nov-2008 08:55:45,8,1
30-Nov-2008 01:49:43,30-Nov-2008 01:49:44,38,1
30-Nov-2008 01:49:45,30-Nov-2008 01:49:46,38,1
30-Nov-2008 01:51:14,30-Nov-2008 01:51:15,35,1
30-Nov-2008 01:51:16,30-Nov-2008 01:51:18,35,1
30-Nov-2008 01:51:19,30-Nov-2008 01:51:20,35,1
30-Nov-2008 01:51:22,30-Nov-2008 01:51:23,35,1
30-Nov-2008 01:51:24,30-Nov-2008 01:51:25,35,1
30-Nov-2008 01:51:29,30-Nov-2008 01:51:30,35,1
30-Nov-2008 01:51:32,30-Nov-2008 01:51:33,35,1
30-Nov-2008 01:51:53,30-Nov-2008 01:51:54,16,1
30-Nov-2008 01:51:57,30-Nov-2008 01:51:58,16,1
30-Nov-2008 01:53:50,30-Nov-2008 01:53:51,16,1
30-Nov-2008 08:53:53,30-Nov-2008 08:53:54,16,1
30-Nov-2008 08:53:54,30-Nov-2008 08:53:55,16,1
30-Nov-2008 08:53:56,30-Nov-2008 08:53:57,35,1
30-Nov-2008 08:53:58,30-Nov-2008 08:53:59,16,1
30-Nov-2008 08:54:02,30-Nov-2008 08:54:03,35,1
30-Nov-2008 08:54:04,30-Nov-2008 08:54:05,16,1
30-Nov-2008 08:54:10,30-Nov-2008 13:13:44,35,1
30-Nov-2008 08:55:17,30-Nov-2008 08:55:18,16,1
30-Nov-2008 08:56:12,30-Nov-2008 08:56:13,16,1
30-Nov-2008 08:56:38,30-Nov-2008 14:50:37,8,1
30-Nov-2008 09:01:24,30-Nov-2008 09:01:25,16,1
30-Nov-2008 13:13:36,30-Nov-2008 13:13:37,16,1
30-Nov-2008 13:13:47,30-Nov-2008 13:13:48,35,1
30-Nov-2008 13:13:52,30-Nov-2008 13:14:56,35,1
30-Nov-2008 13:15:15,30-Nov-2008 13:15:19,35,1
30-Nov-2008 13:18:47,30-Nov-2008 13:18:52,35,1
30-Nov-2008 13:21:38,30-Nov-2008 13:21:39,35,1
30-Nov-2008 13:21:42,30-Nov-2008 13:21:44,35,1
30-Nov-2008 13:21:47,30-Nov-2008 13:22:15,35,1
30-Nov-2008 13:22:23,30-Nov-2008 13:22:27,35,1
30-Nov-2008 13:22:30,30-Nov-2008 13:22:31,35,1
30-Nov-2008 13:22:33,30-Nov-2008 13:22:34,35,1
30-Nov-2008 13:22:36,30-Nov-2008 13:22:38,35,1
30-Nov-2008 13:22:39,30-Nov-2008 13:22:40,35,1
30-Nov-2008 13:22:41,30-Nov-2008 13:22:42,35,1
30-Nov-2008 13:22:45,30-Nov-2008 13:30:19,35,1
30-Nov-2008 13:33:53,30-Nov-2008 13:33:54,35,1
30-Nov-2008 13:33:57,30-Nov-2008 13:33:58,35,1
30-Nov-2008 13:34:13,30-Nov-2008 13:34:20,35,1
30-Nov-2008 13:34:58,30-Nov-2008 13:34:59,35,1
30-Nov-2008 13:36:08,30-Nov-2008 13:36:09,35,1
30-Nov-2008 13:36:17,30-Nov-2008 13:38:55,35,1
30-Nov-2008 13:39:26,30-Nov-2008 13:39:27,35,1
30-Nov-2008 13:40:09,30-Nov-2008 13:40:10,35,1
30-Nov-2008 13:40:18,30-Nov-2008 13:40:25,35,1
30-Nov-2008 13:41:14,30-Nov-2008 13:41:15,35,1
30-Nov-2008 13:41:25,30-Nov-2008 13:41:26,35,1
30-Nov-2008 13:42:51,30-Nov-2008 13:42:52,35,1
30-Nov-2008 13:44:25,30-Nov-2008 13:44:26,35,1
30-Nov-2008 13:44:30,30-Nov-2008 13:44:32,35,1
30-Nov-2008 13:44:33,30-Nov-2008 13:44:35,35,1
30-Nov-2008 13:44:36,30-Nov-2008 13:44:37,35,1
30-Nov-2008 13:44:38,30-Nov-2008 13:44:39,35,1
30-Nov-2008 13:44:40,30-Nov-2008 13:44:41,35,1
30-Nov-2008 13:44:42,30-Nov-2008 13:44:43,35,1
30-Nov-2008 13:44:44,30-Nov-2008 13:44:45,35,1
30-Nov-2008 13:44:46,30-Nov-2008 13:44:47,35,1
30-Nov-2008 13:44:49,30-Nov-2008 13:44:51,35,1
30-Nov-2008 13:44:52,30-Nov-2008 13:44:53,35,1
30-Nov-2008 13:44:54,30-Nov-2008 13:44:55,35,1
30-Nov-2008 13:44:56,30-Nov-2008 13:44:57,35,1
30-Nov-2008 13:44:59,30-Nov-2008 13:45:00,35,1
30-Nov-2008 13:45:01,30-Nov-2008 13:45:02,35,1
30-Nov-2008 13:45:03,30-Nov-2008 13:45:04,35,1
30-Nov-2008 13:45:06,30-Nov-2008 13:45:08,35,1
30-Nov-2008 13:45:09,30-Nov-2008 13:45:10,35,1
30-Nov-2008 13:45:11,30-Nov-2008 13:45:12,35,1
30-Nov-2008 13:45:12,30-Nov-2008 13:45:13,35,1
30-Nov-2008 13:45:15,30-Nov-2008 13:45:16,35,1
30-Nov-2008 13:45:17,30-Nov-2008 13:45:18,35,1
30-Nov-2008 13:45:19,30-Nov-2008 13:45:20,35,1
30-Nov-2008 13:45:21,30-Nov-2008 13:45:22,35,1
30-Nov-2008 13:45:23,30-Nov-2008 13:45:24,35,1
30-Nov-2008 13:45:25,30-Nov-2008 13:45:26,35,1
30-Nov-2008 13:45:27,30-Nov-2008 13:45:28,35,1
30-Nov-2008 13:45:29,30-Nov-2008 13:45:30,35,1
30-Nov-2008 13:45:31,30-Nov-2008 13:45:32,35,1
30-Nov-2008 13:45:33,30-Nov-2008 13:45:34,35,1
30-Nov-2008 13:45:35,30-Nov-2008 13:45:36,35,1
30-Nov-2008 13:45:37,30-Nov-2008 13:45:38,35,1
30-Nov-2008 13:45:39,30-Nov-2008 13:45:40,35,1
30-Nov-2008 13:45:42,30-Nov-2008 13:45:44,35,1
30-Nov-2008 13:45:45,30-Nov-2008 13:45:46,35,1
30-Nov-2008 13:45:47,30-Nov-2008 13:45:48,35,1
30-Nov-2008 13:45:50,30-Nov-2008 13:45:51,35,1
30-Nov-2008 13:45:53,30-Nov-2008 13:45:55,35,1
30-Nov-2008 13:45:57,30-Nov-2008 13:45:59,35,1
30-Nov-2008 13:46:02,30-Nov-2008 13:46:06,35,1
30-Nov-2008 13:46:07,30-Nov-2008 13:46:08,35,1
30-Nov-2008 13:46:09,30-Nov-2008 13:46:10,35,1
30-Nov-2008 13:46:12,30-Nov-2008 13:46:14,35,1
30-Nov-2008 13:46:16,30-Nov-2008 13:46:18,35,1
30-Nov-2008 13:46:18,30-Nov-2008 13:46:19,35,1
30-Nov-2008 13:46:20,30-Nov-2008 13:46:21,35,1
30-Nov-2008 13:46:23,30-Nov-2008 13:46:24,35,1
30-Nov-2008 13:46:26,30-Nov-2008 13:46:29,35,1
30-Nov-2008 13:46:34,30-Nov-2008 13:46:35,35,1
30-Nov-2008 13:46:38,30-Nov-2008 13:46:40,35,1
30-Nov-2008 13:46:41,30-Nov-2008 13:46:42,35,1
30-Nov-2008 13:46:43,30-Nov-2008 13:46:44,35,1
30-Nov-2008 13:46:50,30-Nov-2008 13:46:53,35,1
30-Nov-2008 13:46:55,30-Nov-2008 13:47:02,35,1
30-Nov-2008 13:47:06,30-Nov-2008 13:47:08,35,1
30-Nov-2008 13:47:12,30-Nov-2008 13:47:13,35,1
30-Nov-2008 13:47:18,30-Nov-2008 13:47:19,35,1
30-Nov-2008 13:47:41,30-Nov-2008 13:48:10,35,1
30-Nov-2008 13:48:11,30-Nov-2008 13:48:12,35,1
30-Nov-2008 13:52:32,30-Nov-2008 13:52:33,16,1
30-Nov-2008 14:48:44,30-Nov-2008 14:48:45,16,1
30-Nov-2008 14:49:01,30-Nov-2008 14:49:02,16,1
30-Nov-2008 14:51:28,30-Nov-2008 14:51:40,38,1
30-Nov-2008 14:51:33,01-Dec-2008 08:24:22,8,1
30-Nov-2008 14:53:24,30-Nov-2008 14:53:25,38,1
30-Nov-2008 14:53:28,30-Nov-2008 14:54:04,38,1
30-Nov-2008 14:53:34,30-Nov-2008 14:53:35,35,1
30-Nov-2008 14:53:36,30-Nov-2008 14:53:37,35,1
30-Nov-2008 14:53:38,30-Nov-2008 14:53:39,35,1
30-Nov-2008 14:53:41,01-Dec-2008 00:20:18,35,1
30-Nov-2008 14:53:44,30-Nov-2008 14:53:45,16,1
30-Nov-2008 14:54:04,30-Nov-2008 14:54:05,38,1
30-Nov-2008 14:55:01,30-Nov-2008 14:55:02,16,1
01-Dec-2008 00:17:54,01-Dec-2008 00:17:55,16,1
01-Dec-2008 00:17:56,01-Dec-2008 00:17:57,16,1
01-Dec-2008 00:18:03,01-Dec-2008 00:18:04,16,1
01-Dec-2008 00:20:21,01-Dec-2008 00:20:22,35,1
01-Dec-2008 00:21:11,01-Dec-2008 00:21:12,35,1
01-Dec-2008 00:21:15,01-Dec-2008 00:21:16,35,1
01-Dec-2008 00:21:18,01-Dec-2008 00:21:19,35,1
01-Dec-2008 00:21:39,01-Dec-2008 00:21:40,16,1
01-Dec-2008 08:22:57,01-Dec-2008 08:22:58,16,1
01-Dec-2008 08:22:59,01-Dec-2008 08:23:00,16,1
01-Dec-2008 08:23:02,01-Dec-2008 08:23:03,16,1
01-Dec-2008 08:23:08,01-Dec-2008 08:23:09,16,1
01-Dec-2008 08:23:20,01-Dec-2008 08:23:21,16,1
01-Dec-2008 08:23:45,01-Dec-2008 08:23:46,16,1
01-Dec-2008 08:24:42,01-Dec-2008 08:24:43,38,1
01-Dec-2008 08:24:42,01-Dec-2008 08:24:49,35,1
01-Dec-2008 08:24:45,01-Dec-2008 08:24:46,38,1
01-Dec-2008 08:24:54,01-Dec-2008 08:24:55,35,1
01-Dec-2008 08:24:57,01-Dec-2008 08:24:58,16,1
01-Dec-2008 08:24:57,01-Dec-2008 08:25:03,35,1
01-Dec-2008 08:25:04,01-Dec-2008 08:25:05,35,1
01-Dec-2008 08:25:07,01-Dec-2008 08:25:08,35,1
01-Dec-2008 08:25:17,02-Dec-2008 07:03:38,8,1
01-Dec-2008 08:25:19,01-Dec-2008 08:25:20,35,1
01-Dec-2008 08:25:44,01-Dec-2008 08:25:45,16,1
01-Dec-2008 08:28:38,01-Dec-2008 08:28:39,16,1
01-Dec-2008 18:37:30,01-Dec-2008 18:37:31,16,1
01-Dec-2008 18:38:28,02-Dec-2008 01:00:30,38,1
01-Dec-2008 18:40:01,01-Dec-2008 18:40:02,35,1
01-Dec-2008 18:40:02,01-Dec-2008 18:40:03,35,1
01-Dec-2008 18:40:06,01-Dec-2008 18:40:07,35,1
01-Dec-2008 18:40:09,01-Dec-2008 18:40:11,35,1
01-Dec-2008 18:41:13,01-Dec-2008 18:41:14,16,1
02-Dec-2008 00:58:24,02-Dec-2008 00:58:25,16,1
02-Dec-2008 01:00:32,02-Dec-2008 01:00:34,38,1
02-Dec-2008 01:00:35,02-Dec-2008 01:00:36,35,1
02-Dec-2008 01:00:38,02-Dec-2008 01:00:40,35,1
02-Dec-2008 01:00:55,02-Dec-2008 01:00:56,16,1
02-Dec-2008 07:03:02,02-Dec-2008 07:03:03,16,1
02-Dec-2008 07:04:07,02-Dec-2008 07:04:08,35,1
02-Dec-2008 07:04:09,02-Dec-2008 07:04:28,35,1
02-Dec-2008 07:04:12,02-Dec-2008 07:04:13,16,1
02-Dec-2008 07:04:34,03-Dec-2008 06:03:29,8,1
02-Dec-2008 07:04:39,02-Dec-2008 07:04:40,35,1
02-Dec-2008 07:04:41,02-Dec-2008 07:04:42,35,1
02-Dec-2008 07:04:43,02-Dec-2008 07:04:44,35,1
02-Dec-2008 07:04:45,02-Dec-2008 07:04:46,35,1
02-Dec-2008 07:04:47,02-Dec-2008 07:04:48,35,1
02-Dec-2008 07:04:49,02-Dec-2008 07:04:50,35,1
02-Dec-2008 07:04:54,02-Dec-2008 07:04:56,35,1
02-Dec-2008 07:04:57,02-Dec-2008 07:04:58,35,1
02-Dec-2008 07:05:00,02-Dec-2008 07:05:02,35,1
02-Dec-2008 07:05:02,02-Dec-2008 07:05:03,35,1
02-Dec-2008 07:05:05,02-Dec-2008 07:05:06,35,1
02-Dec-2008 07:05:08,02-Dec-2008 07:05:09,35,1
02-Dec-2008 07:05:10,02-Dec-2008 07:05:11,35,1
02-Dec-2008 07:05:12,02-Dec-2008 07:05:13,35,1
02-Dec-2008 07:05:15,02-Dec-2008 07:05:17,35,1
02-Dec-2008 07:05:17,02-Dec-2008 07:05:18,35,1
02-Dec-2008 07:05:20,02-Dec-2008 07:05:22,35,1
02-Dec-2008 07:05:23,02-Dec-2008 07:05:24,35,1
02-Dec-2008 07:05:25,02-Dec-2008 07:05:26,35,1
02-Dec-2008 07:05:28,02-Dec-2008 07:05:30,35,1
02-Dec-2008 07:05:31,02-Dec-2008 07:05:32,35,1
02-Dec-2008 07:05:32,02-Dec-2008 07:05:33,35,1
02-Dec-2008 07:05:35,02-Dec-2008 07:05:38,35,1
02-Dec-2008 07:05:39,02-Dec-2008 07:05:40,35,1
02-Dec-2008 07:05:41,02-Dec-2008 07:05:42,35,1
02-Dec-2008 07:05:43,02-Dec-2008 07:05:44,35,1
02-Dec-2008 07:05:46,02-Dec-2008 07:05:48,35,1
02-Dec-2008 07:05:49,02-Dec-2008 07:05:50,35,1
02-Dec-2008 07:05:51,02-Dec-2008 07:05:52,35,1
02-Dec-2008 07:05:54,02-Dec-2008 07:05:56,35,1
02-Dec-2008 07:05:57,02-Dec-2008 07:05:58,35,1
02-Dec-2008 07:06:00,02-Dec-2008 07:06:02,35,1
02-Dec-2008 07:06:04,02-Dec-2008 07:06:06,35,1
02-Dec-2008 07:06:07,02-Dec-2008 07:06:08,35,1
02-Dec-2008 07:06:09,02-Dec-2008 07:06:10,35,1
02-Dec-2008 07:06:11,02-Dec-2008 07:06:12,35,1
02-Dec-2008 07:06:13,02-Dec-2008 07:06:14,35,1
02-Dec-2008 07:06:15,02-Dec-2008 07:06:16,35,1
02-Dec-2008 07:06:18,02-Dec-2008 07:06:20,35,1
02-Dec-2008 07:06:23,02-Dec-2008 07:06:24,35,1
02-Dec-2008 07:06:26,02-Dec-2008 07:06:27,35,1
02-Dec-2008 07:06:27,02-Dec-2008 07:06:28,35,1
02-Dec-2008 07:06:29,02-Dec-2008 07:06:30,35,1
02-Dec-2008 07:06:32,02-Dec-2008 07:06:34,35,1
02-Dec-2008 07:06:35,02-Dec-2008 07:06:36,35,1
02-Dec-2008 07:06:38,02-Dec-2008 07:06:40,35,1
02-Dec-2008 07:06:40,02-Dec-2008 07:06:41,35,1
02-Dec-2008 07:06:42,02-Dec-2008 07:06:43,35,1
02-Dec-2008 07:06:45,02-Dec-2008 07:06:46,35,1
02-Dec-2008 07:06:47,02-Dec-2008 07:06:48,35,1
02-Dec-2008 07:06:49,02-Dec-2008 07:06:50,35,1
02-Dec-2008 07:06:51,02-Dec-2008 07:06:53,35,1
02-Dec-2008 07:06:54,02-Dec-2008 07:06:55,35,1
02-Dec-2008 07:06:57,02-Dec-2008 07:06:58,35,1
02-Dec-2008 07:06:58,02-Dec-2008 07:06:59,35,1
02-Dec-2008 07:07:00,02-Dec-2008 07:07:01,35,1
02-Dec-2008 07:07:03,02-Dec-2008 07:07:05,35,1
02-Dec-2008 07:07:06,02-Dec-2008 07:07:07,35,1
02-Dec-2008 07:07:09,02-Dec-2008 07:07:11,35,1
02-Dec-2008 07:07:12,02-Dec-2008 07:07:13,35,1
02-Dec-2008 07:07:14,02-Dec-2008 07:07:15,35,1
02-Dec-2008 07:07:16,02-Dec-2008 07:07:17,35,1
02-Dec-2008 07:07:19,02-Dec-2008 07:07:21,35,1
02-Dec-2008 07:07:24,02-Dec-2008 07:07:25,35,1
02-Dec-2008 07:07:27,02-Dec-2008 07:07:28,35,1
02-Dec-2008 07:07:29,02-Dec-2008 07:07:30,35,1
02-Dec-2008 07:07:32,02-Dec-2008 07:07:33,35,1
02-Dec-2008 07:07:35,02-Dec-2008 07:07:36,35,1
02-Dec-2008 07:07:37,02-Dec-2008 07:07:38,35,1
02-Dec-2008 07:07:41,02-Dec-2008 07:07:44,35,1
02-Dec-2008 07:07:44,02-Dec-2008 07:07:45,35,1
02-Dec-2008 07:07:47,02-Dec-2008 07:07:48,35,1
02-Dec-2008 07:07:49,02-Dec-2008 07:07:52,35,1
02-Dec-2008 07:07:52,02-Dec-2008 07:07:53,35,1
02-Dec-2008 07:07:56,02-Dec-2008 07:07:57,35,1
02-Dec-2008 07:07:58,02-Dec-2008 07:07:59,35,1
02-Dec-2008 07:08:00,02-Dec-2008 07:08:01,35,1
02-Dec-2008 07:08:03,02-Dec-2008 07:08:05,35,1
02-Dec-2008 07:08:07,02-Dec-2008 07:08:09,35,1
02-Dec-2008 07:08:10,02-Dec-2008 07:08:11,35,1
02-Dec-2008 07:08:12,02-Dec-2008 07:08:13,35,1
02-Dec-2008 07:08:14,02-Dec-2008 07:08:15,35,1
02-Dec-2008 07:08:17,02-Dec-2008 07:08:19,35,1
02-Dec-2008 07:08:20,02-Dec-2008 07:08:21,35,1
02-Dec-2008 07:08:22,02-Dec-2008 07:08:24,35,1
02-Dec-2008 07:08:25,02-Dec-2008 07:08:26,35,1
02-Dec-2008 07:08:27,02-Dec-2008 07:08:28,35,1
02-Dec-2008 07:08:30,02-Dec-2008 07:08:31,35,1
02-Dec-2008 07:08:33,02-Dec-2008 07:08:34,35,1
02-Dec-2008 07:08:36,02-Dec-2008 07:08:37,35,1
02-Dec-2008 07:08:39,02-Dec-2008 07:08:40,35,1
02-Dec-2008 07:08:41,02-Dec-2008 07:08:42,35,1
02-Dec-2008 07:08:44,02-Dec-2008 07:08:54,35,1
02-Dec-2008 07:08:57,02-Dec-2008 07:08:59,35,1
02-Dec-2008 07:09:01,02-Dec-2008 07:09:02,35,1
02-Dec-2008 07:09:04,02-Dec-2008 07:09:05,35,1
02-Dec-2008 07:09:10,02-Dec-2008 07:09:11,35,1
02-Dec-2008 07:09:12,02-Dec-2008 07:09:13,35,1
02-Dec-2008 07:09:18,02-Dec-2008 07:09:19,35,1
02-Dec-2008 07:09:22,02-Dec-2008 07:09:23,35,1
02-Dec-2008 07:09:24,02-Dec-2008 07:09:25,35,1
02-Dec-2008 07:09:30,02-Dec-2008 07:09:31,35,1
02-Dec-2008 07:09:34,02-Dec-2008 07:09:35,35,1
02-Dec-2008 07:09:38,03-Dec-2008 00:06:01,35,1
03-Dec-2008 00:03:48,03-Dec-2008 00:03:49,16,1
03-Dec-2008 00:03:50,03-Dec-2008 00:03:51,16,1
03-Dec-2008 00:03:53,03-Dec-2008 00:03:54,16,1
03-Dec-2008 00:03:59,03-Dec-2008 00:04:00,16,1
03-Dec-2008 00:04:21,03-Dec-2008 00:04:22,38,1
03-Dec-2008 00:04:25,03-Dec-2008 00:04:26,38,1
03-Dec-2008 00:06:02,03-Dec-2008 00:06:03,35,1
03-Dec-2008 00:06:05,03-Dec-2008 00:07:42,35,1
03-Dec-2008 00:06:31,03-Dec-2008 00:06:32,16,1
03-Dec-2008 00:06:34,03-Dec-2008 00:06:35,38,1
03-Dec-2008 00:08:06,03-Dec-2008 00:09:16,38,1
03-Dec-2008 00:08:26,03-Dec-2008 00:08:27,35,1
03-Dec-2008 00:08:28,03-Dec-2008 00:08:29,35,1
03-Dec-2008 00:08:33,03-Dec-2008 00:10:48,35,1
03-Dec-2008 00:10:44,03-Dec-2008 00:10:45,38,1
03-Dec-2008 00:10:49,03-Dec-2008 00:10:50,35,1
03-Dec-2008 00:11:00,03-Dec-2008 00:11:01,35,1
03-Dec-2008 00:11:14,03-Dec-2008 00:11:15,35,1
03-Dec-2008 00:11:18,03-Dec-2008 00:11:19,35,1
03-Dec-2008 00:11:42,03-Dec-2008 00:11:43,16,1
03-Dec-2008 06:01:42,03-Dec-2008 06:01:43,16,1
03-Dec-2008 06:02:00,03-Dec-2008 06:02:01,16,1
03-Dec-2008 06:03:59,03-Dec-2008 06:04:00,16,1
03-Dec-2008 06:04:01,03-Dec-2008 06:04:02,16,1
03-Dec-2008 06:04:23,04-Dec-2008 00:13:06,8,1
03-Dec-2008 06:11:43,03-Dec-2008 06:11:46,35,1
03-Dec-2008 06:11:49,03-Dec-2008 06:12:11,35,1
03-Dec-2008 06:12:11,03-Dec-2008 06:12:12,35,1
03-Dec-2008 06:12:15,03-Dec-2008 06:12:16,35,1
03-Dec-2008 06:12:17,03-Dec-2008 06:12:18,35,1
03-Dec-2008 06:12:20,03-Dec-2008 06:12:23,35,1
03-Dec-2008 06:12:26,03-Dec-2008 06:12:27,35,1
03-Dec-2008 06:12:29,03-Dec-2008 06:12:32,35,1
03-Dec-2008 06:12:32,03-Dec-2008 06:12:33,35,1
03-Dec-2008 06:12:36,03-Dec-2008 06:12:37,35,1
03-Dec-2008 06:12:38,03-Dec-2008 06:12:40,35,1
03-Dec-2008 06:12:42,03-Dec-2008 06:12:43,35,1
03-Dec-2008 06:12:44,03-Dec-2008 06:12:45,35,1
03-Dec-2008 06:12:47,03-Dec-2008 06:12:48,35,1
03-Dec-2008 06:12:50,03-Dec-2008 06:12:52,35,1
03-Dec-2008 06:12:53,03-Dec-2008 06:12:54,35,1
03-Dec-2008 06:12:56,03-Dec-2008 06:12:57,35,1
03-Dec-2008 06:12:59,03-Dec-2008 06:13:01,35,1
03-Dec-2008 06:13:02,03-Dec-2008 06:13:03,35,1
03-Dec-2008 06:13:06,03-Dec-2008 06:13:10,35,1
03-Dec-2008 06:13:11,03-Dec-2008 06:13:12,35,1
03-Dec-2008 06:13:13,03-Dec-2008 06:13:14,35,1
03-Dec-2008 06:13:16,03-Dec-2008 06:13:17,35,1
03-Dec-2008 06:13:17,03-Dec-2008 06:13:18,35,1
03-Dec-2008 06:13:23,03-Dec-2008 06:13:24,35,1
03-Dec-2008 06:13:25,03-Dec-2008 06:13:26,35,1
03-Dec-2008 06:13:27,03-Dec-2008 06:13:28,35,1
03-Dec-2008 06:13:30,03-Dec-2008 06:13:32,35,1
03-Dec-2008 06:13:33,03-Dec-2008 06:13:35,35,1
03-Dec-2008 06:13:36,03-Dec-2008 06:13:37,35,1
03-Dec-2008 06:13:38,03-Dec-2008 06:13:39,35,1
03-Dec-2008 06:13:40,03-Dec-2008 06:13:41,35,1
03-Dec-2008 06:13:43,03-Dec-2008 06:13:45,35,1
03-Dec-2008 06:13:46,03-Dec-2008 06:13:47,35,1
03-Dec-2008 06:13:48,03-Dec-2008 06:13:49,35,1
03-Dec-2008 06:13:52,03-Dec-2008 06:13:53,35,1
03-Dec-2008 06:13:54,03-Dec-2008 06:13:55,35,1
03-Dec-2008 06:13:56,03-Dec-2008 06:13:57,35,1
03-Dec-2008 06:13:58,03-Dec-2008 06:13:59,35,1
03-Dec-2008 06:14:00,03-Dec-2008 06:14:01,35,1
03-Dec-2008 06:14:02,03-Dec-2008 06:14:03,35,1
03-Dec-2008 06:14:04,03-Dec-2008 06:14:05,35,1
03-Dec-2008 06:14:07,03-Dec-2008 06:14:08,35,1
03-Dec-2008 06:14:09,03-Dec-2008 06:14:10,35,1
03-Dec-2008 06:14:11,03-Dec-2008 06:14:12,35,1
03-Dec-2008 06:14:14,03-Dec-2008 06:14:15,35,1
03-Dec-2008 06:14:16,03-Dec-2008 06:14:17,35,1
03-Dec-2008 06:14:18,03-Dec-2008 06:14:19,35,1
03-Dec-2008 06:14:21,03-Dec-2008 06:14:23,35,1
03-Dec-2008 06:14:25,03-Dec-2008 06:14:26,35,1
03-Dec-2008 06:14:27,03-Dec-2008 06:14:28,35,1
03-Dec-2008 06:14:29,03-Dec-2008 06:14:30,35,1
03-Dec-2008 06:14:31,03-Dec-2008 06:14:32,35,1
03-Dec-2008 06:14:34,03-Dec-2008 06:14:35,35,1
03-Dec-2008 06:14:35,03-Dec-2008 06:14:36,35,1
03-Dec-2008 06:14:39,03-Dec-2008 06:14:40,35,1
03-Dec-2008 06:14:42,03-Dec-2008 06:14:43,35,1
03-Dec-2008 06:14:43,03-Dec-2008 06:14:44,35,1
03-Dec-2008 06:14:45,03-Dec-2008 06:14:46,35,1
03-Dec-2008 06:14:47,03-Dec-2008 06:14:48,35,1
03-Dec-2008 06:14:49,03-Dec-2008 06:14:50,35,1
03-Dec-2008 06:14:51,03-Dec-2008 06:14:52,35,1
03-Dec-2008 06:14:55,03-Dec-2008 06:14:56,35,1
03-Dec-2008 06:14:57,03-Dec-2008 06:14:58,35,1
03-Dec-2008 06:15:00,03-Dec-2008 06:15:02,35,1
03-Dec-2008 06:15:03,03-Dec-2008 06:15:04,35,1
03-Dec-2008 06:15:06,03-Dec-2008 06:15:08,35,1
03-Dec-2008 06:15:09,03-Dec-2008 06:15:10,35,1
03-Dec-2008 06:15:11,03-Dec-2008 06:15:12,35,1
03-Dec-2008 06:15:14,03-Dec-2008 06:15:16,35,1
03-Dec-2008 06:15:17,03-Dec-2008 06:15:18,35,1
03-Dec-2008 06:15:19,03-Dec-2008 06:15:20,35,1
03-Dec-2008 06:15:24,03-Dec-2008 06:15:25,35,1
03-Dec-2008 06:15:27,03-Dec-2008 06:15:28,35,1
03-Dec-2008 06:15:29,03-Dec-2008 06:15:32,35,1
03-Dec-2008 06:15:33,03-Dec-2008 06:15:34,35,1
03-Dec-2008 06:15:36,03-Dec-2008 06:15:37,35,1
03-Dec-2008 06:15:38,03-Dec-2008 06:15:39,35,1
03-Dec-2008 06:15:47,03-Dec-2008 06:15:48,35,1
03-Dec-2008 06:16:00,03-Dec-2008 06:16:01,35,1
03-Dec-2008 06:16:04,03-Dec-2008 06:16:05,35,1
03-Dec-2008 06:16:23,03-Dec-2008 06:16:24,16,1
03-Dec-2008 06:21:38,03-Dec-2008 06:21:39,16,1
03-Dec-2008 06:38:42,03-Dec-2008 06:38:43,16,1
03-Dec-2008 06:39:12,03-Dec-2008 06:39:14,38,1
03-Dec-2008 06:39:16,03-Dec-2008 06:39:17,38,1
03-Dec-2008 06:40:41,03-Dec-2008 06:40:42,35,1
03-Dec-2008 06:40:44,03-Dec-2008 06:40:46,35,1
03-Dec-2008 06:40:48,04-Dec-2008 00:10:04,35,1
03-Dec-2008 06:41:28,03-Dec-2008 06:41:29,16,1
03-Dec-2008 06:41:31,03-Dec-2008 06:41:32,16,1
04-Dec-2008 00:07:25,04-Dec-2008 00:07:26,16,1
04-Dec-2008 00:07:30,04-Dec-2008 00:07:31,16,1
04-Dec-2008 00:07:51,04-Dec-2008 00:07:53,38,1
04-Dec-2008 00:07:54,04-Dec-2008 00:07:55,38,1
04-Dec-2008 00:09:44,04-Dec-2008 00:09:45,38,1
04-Dec-2008 00:09:46,04-Dec-2008 00:10:16,38,1
04-Dec-2008 00:10:05,04-Dec-2008 00:10:06,35,1
04-Dec-2008 00:10:07,04-Dec-2008 00:10:08,35,1
04-Dec-2008 00:10:10,04-Dec-2008 00:10:12,35,1
04-Dec-2008 00:10:18,04-Dec-2008 00:11:26,38,1
04-Dec-2008 00:11:30,04-Dec-2008 00:11:31,35,1
04-Dec-2008 00:11:33,04-Dec-2008 00:11:35,35,1
04-Dec-2008 00:12:02,04-Dec-2008 00:15:16,38,1
04-Dec-2008 00:14:00,04-Dec-2008 06:59:35,8,1
04-Dec-2008 06:58:34,04-Dec-2008 06:58:35,16,1
04-Dec-2008 06:59:56,04-Dec-2008 06:59:57,35,1
04-Dec-2008 06:59:58,04-Dec-2008 06:59:59,35,1
04-Dec-2008 07:00:00,04-Dec-2008 07:00:01,35,1
04-Dec-2008 07:00:02,04-Dec-2008 07:00:03,35,1
04-Dec-2008 07:00:06,04-Dec-2008 07:00:07,35,1
04-Dec-2008 07:00:11,04-Dec-2008 07:00:12,16,1
04-Dec-2008 07:00:32,06-Dec-2008 08:31:07,8,1
04-Dec-2008 07:01:13,04-Dec-2008 07:01:15,35,1
04-Dec-2008 07:01:16,04-Dec-2008 07:01:17,35,1
04-Dec-2008 07:01:18,04-Dec-2008 07:01:19,35,1
04-Dec-2008 07:01:20,04-Dec-2008 07:01:21,35,1
04-Dec-2008 07:01:23,04-Dec-2008 07:01:24,35,1
04-Dec-2008 07:01:25,04-Dec-2008 07:01:26,35,1
04-Dec-2008 07:01:27,04-Dec-2008 07:01:28,35,1
04-Dec-2008 07:01:29,04-Dec-2008 07:01:30,35,1
04-Dec-2008 07:01:32,04-Dec-2008 07:01:34,35,1
04-Dec-2008 07:01:35,04-Dec-2008 07:01:36,35,1
04-Dec-2008 07:01:38,04-Dec-2008 07:01:40,35,1
04-Dec-2008 07:01:41,04-Dec-2008 07:01:42,35,1
04-Dec-2008 07:01:43,04-Dec-2008 07:01:44,35,1
04-Dec-2008 07:01:46,04-Dec-2008 07:01:48,35,1
04-Dec-2008 07:01:49,04-Dec-2008 07:01:50,35,1
04-Dec-2008 07:01:51,04-Dec-2008 07:01:52,35,1
04-Dec-2008 07:01:53,04-Dec-2008 07:01:54,35,1
04-Dec-2008 07:01:55,04-Dec-2008 07:01:56,35,1
04-Dec-2008 07:01:57,04-Dec-2008 07:01:58,35,1
04-Dec-2008 07:01:59,04-Dec-2008 07:02:00,35,1
04-Dec-2008 07:02:02,04-Dec-2008 07:02:06,35,1
04-Dec-2008 07:02:07,04-Dec-2008 07:02:08,35,1
04-Dec-2008 07:02:08,04-Dec-2008 07:02:09,35,1
04-Dec-2008 07:02:12,04-Dec-2008 07:02:14,35,1
04-Dec-2008 07:02:15,04-Dec-2008 07:02:16,35,1
04-Dec-2008 07:02:18,04-Dec-2008 07:02:20,35,1
04-Dec-2008 07:02:22,04-Dec-2008 07:02:24,35,1
04-Dec-2008 07:02:25,04-Dec-2008 07:02:26,35,1
04-Dec-2008 07:02:29,04-Dec-2008 07:02:30,35,1
04-Dec-2008 07:02:31,04-Dec-2008 07:02:32,35,1
04-Dec-2008 07:02:33,04-Dec-2008 07:02:34,35,1
04-Dec-2008 07:02:36,04-Dec-2008 07:02:38,35,1
04-Dec-2008 07:02:39,04-Dec-2008 07:02:40,35,1
04-Dec-2008 07:02:41,04-Dec-2008 07:02:42,35,1
04-Dec-2008 07:02:45,04-Dec-2008 07:02:47,35,1
04-Dec-2008 07:02:48,04-Dec-2008 07:02:49,35,1
04-Dec-2008 07:02:50,04-Dec-2008 07:02:51,35,1
04-Dec-2008 07:02:53,04-Dec-2008 07:02:54,35,1
04-Dec-2008 07:02:57,04-Dec-2008 07:02:58,35,1
04-Dec-2008 07:03:00,04-Dec-2008 07:03:01,35,1
04-Dec-2008 07:03:02,04-Dec-2008 07:03:03,35,1
04-Dec-2008 07:03:04,04-Dec-2008 07:03:05,35,1
04-Dec-2008 07:03:07,04-Dec-2008 07:03:08,35,1
04-Dec-2008 07:03:09,04-Dec-2008 07:03:10,35,1
04-Dec-2008 07:03:11,04-Dec-2008 07:03:12,35,1
04-Dec-2008 07:03:13,04-Dec-2008 07:03:14,35,1
04-Dec-2008 07:03:16,04-Dec-2008 07:03:18,35,1
04-Dec-2008 07:03:19,04-Dec-2008 07:03:20,35,1
04-Dec-2008 07:03:20,04-Dec-2008 07:03:21,35,1
04-Dec-2008 07:03:22,04-Dec-2008 07:03:23,35,1
04-Dec-2008 07:03:26,04-Dec-2008 07:03:27,35,1
04-Dec-2008 07:03:28,04-Dec-2008 07:03:29,35,1
04-Dec-2008 07:03:31,04-Dec-2008 07:03:33,35,1
04-Dec-2008 07:03:35,04-Dec-2008 07:03:37,35,1
04-Dec-2008 07:03:38,04-Dec-2008 07:03:39,35,1
04-Dec-2008 07:03:40,04-Dec-2008 07:03:41,35,1
04-Dec-2008 07:03:41,04-Dec-2008 07:03:42,35,1
04-Dec-2008 07:03:43,04-Dec-2008 07:03:44,35,1
04-Dec-2008 07:03:46,04-Dec-2008 07:03:47,35,1
04-Dec-2008 07:03:47,04-Dec-2008 07:03:48,35,1
04-Dec-2008 07:03:49,04-Dec-2008 07:03:50,35,1
04-Dec-2008 07:03:51,04-Dec-2008 07:03:52,35,1
04-Dec-2008 07:03:54,04-Dec-2008 07:03:57,35,1
04-Dec-2008 07:04:00,04-Dec-2008 07:04:01,35,1
04-Dec-2008 07:04:04,04-Dec-2008 07:04:05,35,1
04-Dec-2008 07:04:05,04-Dec-2008 07:04:06,35,1
04-Dec-2008 07:04:09,04-Dec-2008 07:04:10,35,1
04-Dec-2008 07:04:13,04-Dec-2008 07:04:14,35,1
04-Dec-2008 07:04:16,04-Dec-2008 07:04:17,35,1
04-Dec-2008 07:04:18,04-Dec-2008 07:04:19,35,1
04-Dec-2008 07:04:20,04-Dec-2008 07:04:21,35,1
04-Dec-2008 07:04:22,04-Dec-2008 07:04:23,35,1
04-Dec-2008 07:04:25,04-Dec-2008 07:04:26,35,1
04-Dec-2008 07:04:27,04-Dec-2008 07:04:28,35,1
04-Dec-2008 07:04:29,04-Dec-2008 07:04:30,35,1
04-Dec-2008 07:04:32,04-Dec-2008 07:04:33,35,1
04-Dec-2008 07:04:34,04-Dec-2008 07:04:35,35,1
04-Dec-2008 07:04:36,04-Dec-2008 07:04:37,35,1
04-Dec-2008 07:04:39,04-Dec-2008 07:04:41,35,1
04-Dec-2008 07:04:42,04-Dec-2008 07:04:43,35,1
04-Dec-2008 07:04:44,04-Dec-2008 07:04:45,35,1
04-Dec-2008 07:04:46,04-Dec-2008 07:04:47,35,1
04-Dec-2008 07:04:48,04-Dec-2008 07:04:49,35,1
04-Dec-2008 07:04:51,04-Dec-2008 07:04:53,35,1
04-Dec-2008 07:04:56,04-Dec-2008 07:04:57,35,1
04-Dec-2008 07:05:00,04-Dec-2008 07:05:02,35,1
04-Dec-2008 07:05:04,04-Dec-2008 07:06:15,35,1
04-Dec-2008 07:06:19,04-Dec-2008 07:06:20,35,1
04-Dec-2008 07:06:22,04-Dec-2008 07:06:23,35,1
04-Dec-2008 07:09:41,04-Dec-2008 07:09:42,16,1
05-Dec-2008 03:11:25,05-Dec-2008 03:11:26,16,1
05-Dec-2008 03:11:27,05-Dec-2008 03:11:28,16,1
05-Dec-2008 03:11:52,05-Dec-2008 03:11:53,38,1
05-Dec-2008 03:11:57,05-Dec-2008 03:11:58,38,1
05-Dec-2008 03:11:59,05-Dec-2008 03:12:00,38,1
05-Dec-2008 03:13:29,05-Dec-2008 03:13:30,35,1
05-Dec-2008 03:13:33,05-Dec-2008 03:13:34,35,1
05-Dec-2008 03:13:35,05-Dec-2008 03:13:36,35,1
05-Dec-2008 03:14:21,05-Dec-2008 07:15:26,38,1
05-Dec-2008 03:14:49,05-Dec-2008 03:14:50,16,1
05-Dec-2008 07:15:03,05-Dec-2008 07:15:04,16,1
05-Dec-2008 07:15:29,05-Dec-2008 07:15:41,38,1
05-Dec-2008 07:16:33,05-Dec-2008 07:16:34,35,1
05-Dec-2008 07:16:34,05-Dec-2008 07:16:35,38,1
05-Dec-2008 07:16:36,05-Dec-2008 07:16:37,38,1
05-Dec-2008 07:16:40,05-Dec-2008 07:16:41,38,1
05-Dec-2008 07:16:41,05-Dec-2008 07:16:42,38,1
05-Dec-2008 07:16:45,05-Dec-2008 07:16:46,38,1
05-Dec-2008 07:16:51,05-Dec-2008 07:16:52,38,1
05-Dec-2008 07:17:05,05-Dec-2008 17:48:15,38,1
05-Dec-2008 15:54:58,05-Dec-2008 15:54:59,16,1
05-Dec-2008 15:55:01,05-Dec-2008 15:55:02,35,1
05-Dec-2008 15:55:10,05-Dec-2008 15:55:11,35,1
05-Dec-2008 15:55:12,05-Dec-2008 15:55:13,35,1
05-Dec-2008 15:57:12,05-Dec-2008 15:57:13,35,1
05-Dec-2008 15:57:54,05-Dec-2008 15:57:55,35,1
05-Dec-2008 15:57:59,05-Dec-2008 15:58:01,35,1
05-Dec-2008 15:58:03,05-Dec-2008 15:58:21,35,1
05-Dec-2008 15:58:24,05-Dec-2008 15:58:25,35,1
05-Dec-2008 15:58:31,05-Dec-2008 15:58:32,35,1
05-Dec-2008 15:58:41,05-Dec-2008 15:58:43,35,1
05-Dec-2008 15:58:45,05-Dec-2008 15:58:47,35,1
05-Dec-2008 15:58:53,05-Dec-2008 15:58:54,35,1
05-Dec-2008 15:58:57,05-Dec-2008 15:58:58,35,1
05-Dec-2008 15:59:02,05-Dec-2008 15:59:03,35,1
05-Dec-2008 15:59:05,05-Dec-2008 17:51:07,35,1
05-Dec-2008 15:59:09,05-Dec-2008 15:59:10,16,1
05-Dec-2008 17:47:50,05-Dec-2008 17:47:51,16,1
05-Dec-2008 17:48:16,05-Dec-2008 17:48:17,38,1
05-Dec-2008 17:48:18,05-Dec-2008 17:48:19,38,1
05-Dec-2008 17:48:20,05-Dec-2008 17:48:21,38,1
05-Dec-2008 17:48:23,05-Dec-2008 17:48:25,38,1
05-Dec-2008 17:48:27,05-Dec-2008 17:48:28,38,1
05-Dec-2008 17:49:47,05-Dec-2008 17:49:48,38,1
05-Dec-2008 17:51:09,05-Dec-2008 17:51:11,35,1
05-Dec-2008 17:51:12,05-Dec-2008 17:51:13,35,1
05-Dec-2008 17:52:36,05-Dec-2008 17:52:37,38,1
05-Dec-2008 17:52:38,05-Dec-2008 17:52:39,38,1
05-Dec-2008 17:52:49,05-Dec-2008 17:52:51,38,1
05-Dec-2008 17:52:56,05-Dec-2008 17:53:11,38,1
05-Dec-2008 17:53:14,05-Dec-2008 17:53:41,38,1
05-Dec-2008 17:55:07,05-Dec-2008 17:55:08,16,1
05-Dec-2008 17:55:07,05-Dec-2008 18:02:15,35,1
05-Dec-2008 18:02:16,05-Dec-2008 18:02:17,35,1
05-Dec-2008 18:02:20,05-Dec-2008 18:02:21,35,1
05-Dec-2008 18:02:25,05-Dec-2008 18:02:26,16,1
05-Dec-2008 18:02:27,05-Dec-2008 18:02:28,16,1
05-Dec-2008 18:17:17,05-Dec-2008 18:17:18,16,1
05-Dec-2008 18:17:30,05-Dec-2008 18:17:31,35,1
05-Dec-2008 18:17:32,05-Dec-2008 18:17:33,35,1
05-Dec-2008 18:17:34,05-Dec-2008 18:17:35,35,1
05-Dec-2008 18:17:45,05-Dec-2008 18:17:49,35,1
05-Dec-2008 18:17:52,05-Dec-2008 18:17:53,35,1
05-Dec-2008 18:17:55,05-Dec-2008 18:17:56,35,1
05-Dec-2008 18:18:09,05-Dec-2008 18:18:37,35,1
05-Dec-2008 18:18:46,05-Dec-2008 18:18:47,35,1
05-Dec-2008 18:18:49,05-Dec-2008 18:18:50,35,1
05-Dec-2008 18:19:09,05-Dec-2008 18:19:48,35,1
05-Dec-2008 18:20:51,05-Dec-2008 18:21:07,35,1
05-Dec-2008 18:24:08,05-Dec-2008 18:24:09,35,1
05-Dec-2008 18:24:28,06-Dec-2008 10:59:25,35,1
05-Dec-2008 18:24:32,05-Dec-2008 18:24:33,16,1
06-Dec-2008 08:30:07,06-Dec-2008 08:30:08,16,1
06-Dec-2008 08:30:09,06-Dec-2008 08:30:10,16,1
06-Dec-2008 08:31:23,06-Dec-2008 08:31:24,16,1
06-Dec-2008 08:32:00,06-Dec-2008 13:27:52,8,1
06-Dec-2008 10:58:57,06-Dec-2008 10:58:58,16,1
06-Dec-2008 10:59:31,06-Dec-2008 10:59:32,35,1
06-Dec-2008 10:59:33,06-Dec-2008 10:59:34,16,1
06-Dec-2008 10:59:46,06-Dec-2008 11:00:05,35,1
06-Dec-2008 11:00:16,06-Dec-2008 11:00:17,35,1
06-Dec-2008 11:00:55,06-Dec-2008 11:00:58,35,1
06-Dec-2008 11:00:59,06-Dec-2008 11:01:00,35,1
06-Dec-2008 11:01:09,06-Dec-2008 11:01:10,35,1
06-Dec-2008 11:01:20,06-Dec-2008 11:01:21,35,1
06-Dec-2008 11:01:25,06-Dec-2008 11:01:26,35,1
06-Dec-2008 11:01:34,06-Dec-2008 11:01:35,16,1
06-Dec-2008 11:01:36,06-Dec-2008 11:01:37,16,1
06-Dec-2008 11:38:18,06-Dec-2008 11:38:19,16,1
06-Dec-2008 11:38:36,06-Dec-2008 11:38:37,35,1
06-Dec-2008 11:39:15,06-Dec-2008 11:39:16,35,1
06-Dec-2008 11:39:43,06-Dec-2008 11:39:44,35,1
06-Dec-2008 11:40:47,06-Dec-2008 11:40:48,35,1
06-Dec-2008 11:41:10,06-Dec-2008 11:41:11,35,1
06-Dec-2008 11:41:12,06-Dec-2008 11:41:13,35,1
06-Dec-2008 11:41:14,06-Dec-2008 11:41:15,35,1
06-Dec-2008 11:42:03,06-Dec-2008 11:42:04,16,1
06-Dec-2008 11:42:05,06-Dec-2008 11:42:06,16,1
06-Dec-2008 13:26:08,06-Dec-2008 13:26:09,35,1
06-Dec-2008 13:26:10,06-Dec-2008 13:26:11,16,1
06-Dec-2008 13:27:40,06-Dec-2008 13:27:41,35,1
06-Dec-2008 13:27:41,06-Dec-2008 13:27:42,35,1
06-Dec-2008 13:27:49,06-Dec-2008 13:28:06,35,1
06-Dec-2008 13:28:07,06-Dec-2008 13:28:08,35,1
06-Dec-2008 13:28:21,06-Dec-2008 13:28:22,16,1
06-Dec-2008 13:28:26,06-Dec-2008 13:28:27,16,1
06-Dec-2008 13:28:44,07-Dec-2008 02:06:24,8,1
07-Dec-2008 02:02:26,07-Dec-2008 02:02:27,16,1
07-Dec-2008 02:03:49,07-Dec-2008 02:03:50,35,1
07-Dec-2008 02:03:58,07-Dec-2008 02:04:38,38,1
07-Dec-2008 02:04:44,07-Dec-2008 02:04:46,35,1
07-Dec-2008 02:04:47,07-Dec-2008 02:04:48,35,1
07-Dec-2008 02:05:11,07-Dec-2008 02:05:14,38,1
07-Dec-2008 02:05:15,07-Dec-2008 02:05:16,35,1
07-Dec-2008 02:05:17,07-Dec-2008 02:05:18,35,1
07-Dec-2008 02:05:59,07-Dec-2008 02:06:00,16,1
07-Dec-2008 02:06:47,07-Dec-2008 02:06:48,16,1
07-Dec-2008 02:06:51,07-Dec-2008 02:06:52,16,1
07-Dec-2008 02:07:17,07-Dec-2008 08:09:28,8,1
07-Dec-2008 08:08:20,07-Dec-2008 08:08:21,16,1
07-Dec-2008 08:08:25,07-Dec-2008 08:08:26,16,1
07-Dec-2008 08:08:46,07-Dec-2008 08:08:47,16,1
07-Dec-2008 08:09:41,07-Dec-2008 08:09:42,16,1
07-Dec-2008 08:10:21,07-Dec-2008 08:10:22,8,1
07-Dec-2008 12:35:08,07-Dec-2008 12:35:09,16,1
07-Dec-2008 12:35:13,07-Dec-2008 12:35:14,16,1
07-Dec-2008 12:37:48,07-Dec-2008 12:37:49,35,1
07-Dec-2008 12:40:01,07-Dec-2008 12:40:02,35,1
07-Dec-2008 12:41:54,07-Dec-2008 12:41:55,16,1
07-Dec-2008 12:44:52,07-Dec-2008 12:44:53,16,1
07-Dec-2008 13:05:29,07-Dec-2008 13:05:30,35,1
07-Dec-2008 13:11:08,07-Dec-2008 13:11:09,38,1
07-Dec-2008 13:11:34,07-Dec-2008 13:11:35,35,1
07-Dec-2008 13:11:36,07-Dec-2008 13:11:37,38,1
07-Dec-2008 13:13:36,07-Dec-2008 13:13:37,38,1
07-Dec-2008 13:14:21,07-Dec-2008 13:14:22,38,1
07-Dec-2008 13:14:24,07-Dec-2008 13:14:25,38,1
07-Dec-2008 13:16:07,07-Dec-2008 13:16:08,38,1
07-Dec-2008 13:16:11,07-Dec-2008 13:16:12,38,1
07-Dec-2008 13:16:57,07-Dec-2008 13:16:58,38,1
07-Dec-2008 13:17:01,08-Dec-2008 02:21:34,38,1
07-Dec-2008 13:26:18,07-Dec-2008 13:26:19,16,1
07-Dec-2008 14:15:30,07-Dec-2008 14:15:31,16,1
07-Dec-2008 14:15:34,07-Dec-2008 14:15:35,35,1
07-Dec-2008 14:15:35,07-Dec-2008 14:15:36,35,1
07-Dec-2008 14:15:41,07-Dec-2008 14:15:42,16,1
07-Dec-2008 14:15:43,07-Dec-2008 14:15:44,35,1
07-Dec-2008 14:15:45,07-Dec-2008 14:15:46,35,1
07-Dec-2008 14:15:57,07-Dec-2008 14:15:58,35,1
07-Dec-2008 14:16:17,07-Dec-2008 14:16:18,35,1
07-Dec-2008 14:16:18,07-Dec-2008 14:16:19,35,1
07-Dec-2008 14:16:19,07-Dec-2008 14:16:20,16,1
07-Dec-2008 14:16:25,07-Dec-2008 14:16:26,16,1
08-Dec-2008 02:20:45,08-Dec-2008 02:20:46,16,1
08-Dec-2008 02:22:18,08-Dec-2008 02:22:19,16,1
08-Dec-2008 02:22:20,08-Dec-2008 02:22:21,16,1
